wavelength,flam,flam_err
2.83,3.7244614981987934e-19,7.745534616181953e-20
2.830634285714286,3.450664598857927e-19,6.100511209868803e-20
2.8312685714285717,4.779775860650286e-19,5.408934271949758e-20
2.8319028571428575,3.4878768498210305e-19,6.954286006648929e-20
2.8325371428571433,3.434004624933916e-19,1.1659160176641724e-19
2.833171428571429,5.349507438096695e-19,6.212783513804155e-20
2.833805714285715,5.985144505214244e-19,1.82823801005782e-19
2.8344400000000007,4.035305041065447e-19,6.107913178765618e-20
2.8350742857142865,3.7932872889475545e-19,8.130465207772724e-20
2.8357085714285724,4.0505284611070504e-19,6.79714365000531e-20
2.836342857142858,3.6075257099966116e-19,5.864444858766377e-20
2.836977142857144,4.634721544724115e-19,6.844831435619147e-20
2.83761142857143,3.3933252642916966e-19,6.972490163999272e-20
2.8382457142857156,4.0239349918691236e-19,6.531486638618814e-20
2.8388800000000014,3.296358131960643e-19,7.254738003757441e-20
2.839514285714287,3.18868271428667e-19,6.951301477963466e-20
2.840148571428573,4.275966816583879e-19,5.750566873031296e-20
2.840782857142859,3.2346956688601303e-19,7.142929582412498e-20
2.8414171428571446,4.0347936400707423e-19,6.140578948644389e-20
2.8420514285714304,3.8960400439371927e-19,6.360062306045726e-20
2.8426857142857163,4.2487738680840224e-19,4.7552057720344383e-20
2.843320000000002,3.9383503339294476e-19,6.980149665712811e-20
2.843954285714288,3.78925325241853e-19,7.425255956176815e-20
2.8445885714285737,3.828195482444795e-19,8.146208739620678e-20
2.8452228571428595,4.168009893290546e-19,7.8504541607867e-20
2.8458571428571453,4.588896980296708e-19,1.4483107981606439e-19
2.846491428571431,4.124710843914195e-19,6.518608591055125e-20
2.847125714285717,4.90423185665085e-19,6.742646041598582e-20
2.8477600000000027,3.7251087303672216e-19,6.905856162620571e-20
2.8483942857142885,3.5753879458457624e-19,7.865587510799512e-20
2.8490285714285744,3.9057920663241217e-19,6.771605022437875e-20
2.84966285714286,3.4192399806409886e-19,5.997337228822485e-20
2.850297142857146,3.6984638834970464e-19,7.369841459177721e-20
2.850931428571432,3.382890229794461e-19,5.3920694441601597e-20
2.8515657142857176,3.115817351087499e-19,5.100059678378929e-20
2.8522000000000034,3.6121914547804405e-19,5.577465617930301e-20
2.852834285714289,5.389861663208428e-19,8.226630169109698e-20
2.853468571428575,4.0887653890709777e-19,5.1311648600205475e-20
2.854102857142861,3.6842308320396844e-19,6.368163987012756e-20
2.8547371428571466,4.643911939925902e-19,7.523580026695231e-20
2.8553714285714324,4.178208800068033e-19,5.875601008840795e-20
2.8560057142857183,3.947484937192047e-19,6.638716350604975e-20
2.856640000000004,4.0381963691046815e-19,6.804362685483745e-20
2.85727428571429,3.331162010000715e-19,7.397923430283376e-20
2.8579085714285757,3.804955027902274e-19,1.5026850476684458e-19
2.8585428571428615,4.996805395799874e-19,7.151029240271878e-20
2.8591771428571473,4.4285677820087265e-19,5.157818115119948e-20
2.859811428571433,4.813705702459566e-19,4.9395302863362575e-20
2.860445714285719,4.985104671473446e-19,5.144133445079182e-20
2.8610800000000047,4.813690586384118e-19,4.87526847525073e-20
2.8617142857142905,4.1227573911035766e-19,3.9930857194058604e-20
2.8623485714285763,4.94310497318133e-19,6.385081207211052e-20
2.862982857142862,3.9147929835923526e-19,6.195062618801709e-20
2.863617142857148,4.8295626570288735e-19,7.009873541609548e-20
2.8642514285714338,3.1606787128385373e-19,6.42015427081074e-20
2.8648857142857196,3.7685705330549846e-19,7.30367881006391e-20
2.8655200000000054,3.998263633998407e-19,6.099725009663933e-20
2.866154285714291,4.979172490115804e-19,4.94545296736476e-20
2.866788571428577,4.954887399379046e-19,6.296075526268635e-20
2.867422857142863,4.112433374218189e-19,6.539839775752603e-20
2.8680571428571486,4.748623268880119e-19,5.201834647085162e-20
2.8686914285714344,4.423601367397217e-19,5.2129936867881186e-20
2.8693257142857203,5.623134037756784e-19,5.0541359705585915e-20
2.869960000000006,4.168821213884608e-19,5.81027953058559e-20
2.870594285714292,5.144785424322393e-19,1.229920827929908e-19
2.8712285714285777,4.580687101523113e-19,8.559101695884294e-20
2.8718628571428635,5.130075671854599e-19,8.239474333065478e-20
2.8724971428571493,5.557870852020302e-19,7.519952938032072e-20
2.873131428571435,6.255133832478995e-19,6.991732151925114e-20
2.873765714285721,5.075629526040598e-19,6.926774099174653e-20
2.8744000000000067,5.313483126030374e-19,6.77014903198068e-20
2.8750342857142925,5.6417394483506555e-19,6.60014508205158e-20
2.8756685714285783,5.753633012833491e-19,5.2200931181512105e-20
2.876302857142864,4.1700855775369254e-19,6.224376086620489e-20
2.87693714285715,5.624892502643419e-19,5.608361756828684e-20
2.8775714285714358,4.200620658952138e-19,5.716365177069411e-20
2.8782057142857216,7.008403604692099e-19,5.223797204528397e-20
2.8788400000000074,6.077555009941923e-19,5.584678029437339e-20
2.879474285714293,3.9665983844177166e-19,6.803128113831117e-20
2.880108571428579,4.991131414142064e-19,5.364329800774822e-20
2.880742857142865,4.880912765214058e-19,5.0846483368391034e-20
2.8813771428571506,5.27241557439741e-19,6.441205285724311e-20
2.8820114285714364,5.164465688111045e-19,6.558770938734886e-20
2.8826457142857222,6.020602289705412e-19,1.2504686263881255e-19
2.883280000000008,5.368097218836219e-19,4.953306399705977e-20
2.883914285714294,5.170212880621066e-19,6.495280188307943e-20
2.8845485714285797,4.288002809890284e-19,4.94855071894318e-20
2.8851828571428655,4.750119570186008e-19,6.2690198665553e-20
2.8858171428571513,5.078743302956521e-19,5.938556668586167e-20
2.886451428571437,4.989718237412791e-19,6.185678019376922e-20
2.887085714285723,4.875250061498881e-19,5.460612831064649e-20
2.8877200000000087,5.187185649368057e-19,5.856591296329152e-20
2.8883542857142945,6.424874805151564e-19,5.441626995074743e-20
2.8889885714285803,5.666872405919265e-19,5.0681164165726983e-20
2.889622857142866,5.318419915189442e-19,6.247211207868871e-20
2.890257142857152,5.119230310433587e-19,5.494194486391877e-20
2.8908914285714378,5.096798015598344e-19,6.523069142581331e-20
2.8915257142857236,4.338811072312062e-19,5.297959164664084e-20
2.8921600000000094,4.966012720368872e-19,5.798371793326198e-20
2.892794285714295,4.736918805090686e-19,5.0855937607174504e-20
2.893428571428581,4.1803141507697637e-19,8.105809538142071e-20
2.894062857142867,4.450765733426949e-19,5.631688905214721e-20
2.8946971428571526,4.0670908496779235e-19,4.331039274199359e-20
2.8953314285714384,5.727314569344598e-19,8.404022929933558e-20
2.8959657142857242,4.1025855986542958e-19,8.409236586939731e-20
2.89660000000001,4.561495905618423e-19,6.263601474904644e-20
2.897234285714296,4.3000277559527994e-19,6.802009903072428e-20
2.8978685714285817,5.023829744252828e-19,5.861599338892908e-20
2.8985028571428675,4.463642111985151e-19,5.496414311457997e-20
2.8991371428571533,4.946513806275008e-19,5.75391397801125e-20
2.899771428571439,4.555962717984028e-19,8.851814356177385e-20
2.900405714285725,4.0752109045485044e-19,5.922321758554806e-20
2.9010400000000107,5.5576333988004195e-19,5.835546282353583e-20
2.9016742857142965,4.865653485283538e-19,6.386100169477222e-20
2.9023085714285823,5.13005622623887e-19,8.842299020264736e-20
2.902942857142868,4.486201615044125e-19,7.917988125164797e-20
2.903577142857154,4.894759885689918e-19,6.77839724307162e-20
2.9042114285714398,4.863953513654976e-19,7.019055035338122e-20
2.9048457142857256,4.54572789992783e-19,4.9752746791756976e-20
2.9054800000000114,4.855583355251467e-19,5.1475319848538655e-20
2.906114285714297,4.289230318429618e-19,5.195038507976542e-20
2.906748571428583,4.397834922783324e-19,4.0771547809449286e-20
2.907382857142869,5.24149575834795e-19,8.413165691520484e-20
2.9080171428571546,4.877259245856619e-19,5.81263768067187e-20
2.9086514285714404,5.731608288879235e-19,8.707921720126427e-20
2.9092857142857262,5.227760904711561e-19,4.889501852914056e-20
2.909920000000012,4.435107916296551e-19,4.8437982695251244e-20
2.910554285714298,5.743986797645477e-19,5.288471641312845e-20
2.9111885714285837,5.443033814397438e-19,5.45600978559656e-20
2.9118228571428695,4.919315769902882e-19,4.813217362115368e-20
2.9124571428571553,4.842589669682347e-19,5.697828733610507e-20
2.913091428571441,4.981333913854108e-19,6.806170230629602e-20
2.913725714285727,4.886456039489756e-19,3.782589342101138e-20
2.9143600000000127,4.909589921871775e-19,5.445084970768137e-20
2.9149942857142985,4.481531399703603e-19,5.2249799247351644e-20
2.9156285714285843,4.986299354975999e-19,6.710738864501254e-20
2.91626285714287,4.063093658305028e-19,4.6482915814201633e-20
2.916897142857156,3.8786272741175482e-19,4.496669131225959e-20
2.9175314285714418,3.6695512317295934e-19,4.706866108534871e-20
2.9181657142857276,4.1538435109969496e-19,5.827265523053728e-20
2.9188000000000134,5.25372888801572e-19,4.6997622326292955e-20
2.919434285714299,4.613172964608132e-19,5.1878561049269846e-20
2.920068571428585,5.202279407176679e-19,9.124478482840213e-20
2.920702857142871,4.866996522601015e-19,5.77993159397247e-20
2.9213371428571566,4.716666791841369e-19,5.006084766829133e-20
2.9219714285714424,5.294356677093106e-19,5.412692961276349e-20
2.9226057142857282,5.088917151074537e-19,4.338031330196672e-20
2.923240000000014,5.351291618006149e-19,4.5568824883118934e-20
2.9238742857143,4.982384371976199e-19,5.71444649401762e-20
2.9245085714285857,4.893932887805327e-19,4.882845260163772e-20
2.9251428571428715,4.582214239411456e-19,5.296164584708098e-20
2.9257771428571573,5.227992539539837e-19,5.919718976694241e-20
2.926411428571443,4.1684021837019716e-19,4.891886238722907e-20
2.927045714285729,4.291783502120685e-19,6.338297566889526e-20
2.9276800000000147,5.820444137815688e-19,7.471860495330454e-20
2.9283142857143005,4.277124024362719e-19,5.197964821335707e-20
2.9289485714285863,4.450803693429217e-19,4.8135559209850614e-20
2.929582857142872,4.127577305323993e-19,4.625154899249643e-20
2.930217142857158,5.037853874950303e-19,5.598879971624106e-20
2.9308514285714438,4.773245736580829e-19,6.15945373989216e-20
2.9314857142857296,3.6989724823087214e-19,7.246408299736946e-20
2.9321200000000154,4.531575339465062e-19,6.830442471157663e-20
2.932754285714301,5.475605161365779e-19,4.8103913880696576e-20
2.933388571428587,4.004812691116255e-19,4.9559509435765913e-20
2.934022857142873,4.852849073825783e-19,6.223551127515031e-20
2.9346571428571586,4.876139006191682e-19,5.152308283259354e-20
2.9352914285714444,4.690052240198623e-19,4.881491477296685e-20
2.9359257142857302,5.196532878522868e-19,4.372997634614291e-20
2.936560000000016,3.514441448917696e-19,5.923225821772716e-20
2.937194285714302,4.0914384637984244e-19,4.239666303863863e-20
2.9378285714285877,4.627286643056197e-19,4.8747682306892113e-20
2.9384628571428735,4.3915412745079275e-19,3.927910057687463e-20
2.9390971428571593,4.972805311216491e-19,5.0934112050361864e-20
2.939731428571445,3.893572749746209e-19,6.389375012636994e-20
2.940365714285731,3.8242680220618336e-19,4.3555174747079007e-20
2.9410000000000167,4.0341576227330714e-19,5.072425689341452e-20
2.9416342857143025,4.162895761127054e-19,4.1750540587962204e-20
2.9422685714285883,4.211174946879156e-19,5.387756173988206e-20
2.942902857142874,4.587808390980358e-19,4.6838533304519266e-20
2.94353714285716,3.8845819047453263e-19,4.6941251900432785e-20
2.9441714285714458,5.24355989058691e-19,5.047473193735298e-20
2.9448057142857316,6.131135520207335e-19,6.747376065412443e-20
2.9454400000000174,5.110787236446649e-19,4.836841335585845e-20
2.946074285714303,4.0590557899224966e-19,7.922771883364349e-20
2.946708571428589,4.541475266616185e-19,4.3607055140941345e-20
2.947342857142875,5.347883630419096e-19,5.382394728558616e-20
2.9479771428571606,4.585434827704705e-19,5.943864223483536e-20
2.9486114285714464,4.591637166806073e-19,4.475191782694918e-20
2.9492457142857322,4.742596798113731e-19,4.815487088345854e-20
2.949880000000018,3.842143907959903e-19,5.3827580120413445e-20
2.950514285714304,4.2730423322038156e-19,5.687157312837763e-20
2.9511485714285897,4.153979567133857e-19,4.978826878176594e-20
2.9517828571428755,4.585869346604247e-19,4.336688459417416e-20
2.9524171428571613,4.523738396541825e-19,5.144344610710035e-20
2.953051428571447,4.568630177817971e-19,8.32205292629124e-20
2.953685714285733,5.0114261363369665e-19,4.4058448080443904e-20
2.9543200000000187,4.482158047678651e-19,4.341395734844503e-20
2.9549542857143045,5.465453020629721e-19,5.405367980681807e-20
2.9555885714285903,4.810973637433705e-19,3.777273406983681e-20
2.956222857142876,5.228838355857491e-19,5.2196922186724916e-20
2.956857142857162,4.535628045719535e-19,5.017021205846135e-20
2.9574914285714478,5.697359824713824e-19,5.983863517861994e-20
2.9581257142857336,3.739276553707032e-19,7.056510017368594e-20
2.9587600000000194,3.1820128738037014e-19,8.740307930835223e-20
2.959394285714305,5.641651324561372e-19,5.074874792968724e-20
2.960028571428591,4.690596395523335e-19,4.0151587308408236e-20
2.960662857142877,4.825870665901914e-19,6.928196547354768e-20
2.9612971428571626,4.649835176691835e-19,4.5205280462936517e-20
2.9619314285714484,4.8899710554813945e-19,5.3286745783484203e-20
2.9625657142857342,4.948017778403267e-19,4.1366418122938545e-20
2.96320000000002,4.4709942928777145e-19,5.749579410644946e-20
2.963834285714306,4.619220162746842e-19,6.131512501149378e-20
2.9644685714285917,4.774717216645594e-19,5.444562884689918e-20
2.9651028571428775,4.557382310092642e-19,2.9258967020647034e-20
2.9657371428571633,4.0659467992057513e-19,5.0344581917839727e-20
2.966371428571449,4.788742512771608e-19,4.568191398944657e-20
2.967005714285735,3.9870528704962243e-19,3.72367552975951e-20
2.9676400000000207,4.971752441358492e-19,4.400711591792562e-20
2.9682742857143065,4.1907653421972273e-19,4.43237247379081e-20
2.9689085714285923,4.41862913010405e-19,4.638987456893238e-20
2.969542857142878,4.104518905505895e-19,4.4911591115711344e-20
2.970177142857164,4.0806614260771027e-19,6.053744754559888e-20
2.9708114285714498,4.398226693780748e-19,4.5004496279696306e-20
2.9714457142857356,4.089082961727058e-19,1.0493241409911785e-19
2.9720800000000214,4.3109236111821674e-19,4.979263897229677e-20
2.972714285714307,4.325873073343297e-19,5.025464233449038e-20
2.973348571428593,4.063629001240944e-19,3.467085223824393e-20
2.973982857142879,3.9421324170917437e-19,5.1055543195096114e-20
2.9746171428571646,3.8926022220091665e-19,3.8452705283782445e-20
2.9752514285714504,3.9113329372541533e-19,3.865406780200008e-20
2.9758857142857362,4.1355090578631686e-19,3.790617642314715e-20
2.976520000000022,3.6747731192582334e-19,4.0687512955686725e-20
2.977154285714308,4.212500806061188e-19,4.633765180054975e-20
2.9777885714285937,4.255738137764765e-19,4.8754646275173336e-20
2.9784228571428795,3.98459081337457e-19,4.758802799091746e-20
2.9790571428571653,4.595173325437636e-19,4.534284279564566e-20
2.979691428571451,4.2155704752006143e-19,5.2061752299257724e-20
2.980325714285737,4.497022986379844e-19,5.15393899466126e-20
2.9809600000000227,4.2163371928223964e-19,4.344724481983987e-20
2.9815942857143085,4.99324937015219e-19,4.807015127179192e-20
2.9822285714285943,5.313390007491706e-19,4.7158583972522233e-20
2.98286285714288,4.587729965031636e-19,4.2813024123783666e-20
2.983497142857166,3.4668247543375555e-19,8.342695771291188e-20
2.9841314285714517,3.9354761108929976e-19,5.192563225299195e-20
2.9847657142857376,3.6652615643710537e-19,2.9544277915847226e-20
2.9854000000000234,4.0723218649382638e-19,4.585517712659738e-20
2.986034285714309,4.111114425716733e-19,8.716752627251703e-20
2.986668571428595,3.3970129069059323e-19,5.55056102957463e-20
2.987302857142881,4.415591739128637e-19,7.852449536181486e-20
2.9879371428571666,3.968232819817795e-19,7.122814141197024e-20
2.9885714285714524,3.671540131783014e-19,6.55791331341837e-20
2.9892057142857382,4.544482649314574e-19,5.3684680535986624e-20
2.989840000000024,3.5402576276035766e-19,2.5713747772041168e-20
2.99047428571431,4.1030698479401546e-19,3.866687348818694e-20
2.9911085714285957,3.728831539294206e-19,4.362372167596373e-20
2.9917428571428815,4.234091357218335e-19,3.902912914773937e-20
2.9923771428571673,3.70649193522358e-19,5.031960416736215e-20
2.993011428571453,4.190070827083517e-19,3.862162907660339e-20
2.993645714285739,3.940197232954872e-19,8.445608578049109e-20
2.9942800000000247,3.539520480381124e-19,4.0516008220576376e-20
2.9949142857143105,4.2212626751231366e-19,4.2863961160002885e-20
2.9955485714285963,3.557880292642185e-19,3.918224612798122e-20
2.996182857142882,3.834297240761866e-19,4.5335413444863284e-20
2.996817142857168,4.2518390827978106e-19,1.2068645753470993e-19
2.9974514285714537,4.072926476316159e-19,4.329097381790256e-20
2.9980857142857396,3.909258073613794e-19,4.3644240410141665e-20
2.9987200000000254,3.5801340081843714e-19,4.053465330005677e-20
2.999354285714311,3.9061658100100095e-19,3.991804976485181e-20
2.999988571428597,4.0875025276021686e-19,4.030237377597835e-20
3.000622857142883,3.271737280644932e-19,4.104581105400945e-20
3.0012571428571686,3.4842175722383354e-19,3.8442340952228016e-20
3.0018914285714544,3.687994236385589e-19,4.0829490203782665e-20
3.00252571428574,3.937089928585935e-19,4.4795342240594035e-20
3.003160000000026,3.367356469829672e-19,4.046811837955529e-20
3.003794285714312,3.5659480610058447e-19,4.556319166742683e-20
3.0044285714285976,3.166556102165377e-19,3.86423657626168e-20
3.0050628571428835,4.1068983584467846e-19,4.086485965966422e-20
3.0056971428571693,4.105212535711257e-19,4.2196870606508535e-20
3.006331428571455,3.30786178460645e-19,4.839328872141162e-20
3.006965714285741,3.9554048247856956e-19,4.9017440688906893e-20
3.0076000000000267,3.409799664782967e-19,5.367333618421114e-20
3.0082342857143125,3.4764434287329117e-19,4.139474398649553e-20
3.0088685714285983,3.4535724842604866e-19,4.024126609716491e-20
3.009502857142884,3.5036055951416034e-19,8.465306496098504e-20
3.01013714285717,4.093477846183999e-19,4.2716294023014553e-20
3.0107714285714557,4.1983561238989296e-19,3.511874299297588e-20
3.0114057142857416,3.961681440369927e-19,4.085750516154453e-20
3.0120400000000274,4.247927936056335e-19,5.143220240915433e-20
3.012674285714313,3.341437577629165e-19,2.6534935107359204e-20
3.013308571428599,2.9314925597480523e-19,3.710697649405674e-20
3.013942857142885,3.5239662350745255e-19,4.3940265740945894e-20
3.0145771428571706,3.9496270677617866e-19,3.057900071163062e-20
3.0152114285714564,3.8095005505023234e-19,3.7947340475942704e-20
3.015845714285742,3.603866649652077e-19,2.7353482832651957e-20
3.016480000000028,4.2523628003179627e-19,3.903153047881896e-20
3.017114285714314,4.292795391042804e-19,4.8062607748229167e-20
3.0177485714285996,3.7469924433909413e-19,3.928144072441386e-20
3.0183828571428855,3.9137643360724505e-19,3.682308619897695e-20
3.0190171428571713,4.1884876488455547e-19,4.010475847112269e-20
3.019651428571457,3.6455252856257886e-19,3.962180749591839e-20
3.020285714285743,4.099154124495241e-19,4.8557982076034856e-20
3.0209200000000287,3.509177188209565e-19,4.0943413835006574e-20
3.0215542857143145,3.5165721726756e-19,3.281893506041916e-20
3.0221885714286003,4.2402132623975136e-19,8.405071790751534e-20
3.022822857142886,4.280958440960019e-19,4.843291875168221e-20
3.023457142857172,3.2298309732969547e-19,4.6431585390933473e-20
3.0240914285714577,4.2908825278598136e-19,4.372809498335786e-20
3.0247257142857435,2.988526255693074e-19,3.2472163403750746e-20
3.0253600000000294,3.845941320184232e-19,3.2547234788090974e-20
3.025994285714315,3.796614363674594e-19,3.426402983036766e-20
3.026628571428601,3.2543053664984774e-19,4.0571641362670857e-20
3.027262857142887,3.835022804039471e-19,4.370090653644434e-20
3.0278971428571726,4.019573774289157e-19,3.7132870330358985e-20
3.0285314285714584,3.0469738932202934e-19,3.858765509678274e-20
3.029165714285744,3.4281124091345464e-19,3.674239268884093e-20
3.02980000000003,4.0237177974424974e-19,4.314863326528799e-20
3.030434285714316,3.4997011085326856e-19,3.9459070733865214e-20
3.0310685714286016,3.2747063072560015e-19,3.8138639227505076e-20
3.0317028571428875,3.254437469970804e-19,3.1998683410517496e-20
3.0323371428571733,2.8777775400224733e-19,4.9156081852744676e-20
3.032971428571459,3.461004574527073e-19,3.841218706104864e-20
3.033605714285745,3.3390565284414653e-19,3.585157907806883e-20
3.0342400000000307,3.448450622354206e-19,3.8362106118665566e-20
3.0348742857143165,3.3500113378441336e-19,9.861194115254666e-20
3.0355085714286023,3.055914945682264e-19,5.2488432502146574e-20
3.036142857142888,3.297994174257625e-19,5.188346411201418e-20
3.036777142857174,3.007300206750923e-19,4.7455199592293676e-20
3.0374114285714597,3.110508321239986e-19,4.628178355253942e-20
3.0380457142857455,3.3560961182524417e-19,3.140761637847652e-20
3.0386800000000314,3.502622196768717e-19,3.851656445050817e-20
3.039314285714317,3.311684578507253e-19,3.985870656737706e-20
3.039948571428603,3.097968033774261e-19,3.8876523980548e-20
3.040582857142889,3.308809507458055e-19,4.1560561624874504e-20
3.0412171428571746,3.015437224298651e-19,3.85999966182832e-20
3.0418514285714604,3.0754594880174736e-19,4.1340210024804015e-20
3.042485714285746,3.840056615157231e-19,3.8519685525677156e-20
3.043120000000032,2.31726177843493e-19,3.3807999021794895e-20
3.043754285714318,3.702392520876379e-19,3.79013449917056e-20
3.0443885714286036,3.1032281832456752e-19,3.542203630542677e-20
3.0450228571428894,3.4941011224679713e-19,4.317208867727084e-20
3.0456571428571753,3.547451983484371e-19,4.2864950544969366e-20
3.046291428571461,3.16035641110421e-19,3.569147149726939e-20
3.046925714285747,3.944846604856007e-19,3.7215115409205435e-20
3.0475600000000327,3.713824234753345e-19,6.300152590679467e-20
3.0481942857143185,3.324137363662226e-19,4.259745696750042e-20
3.0488285714286043,3.032500344474027e-19,3.714468829664842e-20
3.04946285714289,2.7932086159487243e-19,3.3822651699260246e-20
3.050097142857176,3.0994495621061563e-19,4.534880455210467e-20
3.0507314285714617,3.0901411637623387e-19,3.810743665917378e-20
3.0513657142857475,3.597818429019605e-19,3.143565369912776e-20
3.0520000000000334,2.8863528304835626e-19,3.1169987857598354e-20
3.052634285714319,3.176860514836985e-19,4.03357827803073e-20
3.053268571428605,3.3866817874347077e-19,3.997201165923804e-20
3.053902857142891,3.728331683943202e-19,3.357093619049207e-20
3.0545371428571766,3.4296551173316597e-19,3.322573314611414e-20
3.0551714285714624,3.116724379907098e-19,3.8182499848215585e-20
3.055805714285748,3.217000622891092e-19,3.77204625444772e-20
3.056440000000034,3.3158308611564404e-19,3.6090934079392576e-20
3.05707428571432,3.0598207625151434e-19,3.264661060104914e-20
3.0577085714286056,3.064159884091349e-19,3.7356956844842916e-20
3.0583428571428914,3.458068279578559e-19,3.391726997999961e-20
3.0589771428571773,3.262431688763736e-19,3.6524968529933043e-20
3.059611428571463,3.9205873250479054e-19,3.577266706811291e-20
3.060245714285749,2.7141705085536683e-19,3.666856198890813e-20
3.0608800000000347,3.8284306995997323e-19,4.8921108701395906e-20
3.0615142857143205,3.522801549210192e-19,3.244227157216009e-20
3.0621485714286063,3.5569330272308477e-19,5.549249531041111e-20
3.062782857142892,2.888885141728215e-19,3.6100378575262733e-20
3.063417142857178,3.964213827708068e-19,4.629682101972291e-20
3.0640514285714637,2.9889902080686867e-19,3.3252663270460295e-20
3.0646857142857495,3.3211298994073964e-19,3.455707529751554e-20
3.0653200000000353,3.1925553547171037e-19,3.6699628459486377e-20
3.065954285714321,3.008550464908499e-19,4.150398975379121e-20
3.066588571428607,3.097165963782153e-19,5.467299810522249e-20
3.0672228571428928,3.641438451730284e-19,3.285968665382562e-20
3.0678571428571786,3.672292433140958e-19,3.953876120812025e-20
3.0684914285714644,3.6865983667264076e-19,3.4948615102527477e-20
3.06912571428575,3.781091145211993e-19,4.345786546430807e-20
3.069760000000036,3.640437670042823e-19,4.432551100893728e-20
3.070394285714322,3.9369970862986837e-19,4.511526201473029e-20
3.0710285714286076,3.4071664573256047e-19,3.8998877305174117e-20
3.0716628571428934,3.8223286464203104e-19,3.56046887443719e-20
3.0722971428571793,3.3427550065456845e-19,3.6752484073054546e-20
3.072931428571465,3.593229719217696e-19,3.218157880867371e-20
3.073565714285751,3.788072853311311e-19,7.508262762179783e-20
3.0742000000000367,3.602338756272584e-19,4.366976804612413e-20
3.0748342857143225,3.1989496058193705e-19,7.028863311065522e-20
3.0754685714286083,3.914259815541147e-19,4.7715940497649474e-20
3.076102857142894,3.9884499243250176e-19,3.814062224973814e-20
3.07673714285718,4.101954601153345e-19,3.850650003548502e-20
3.0773714285714657,3.6419248165902156e-19,4.033146047506192e-20
3.0780057142857515,2.9109375192229307e-19,4.956605811935316e-20
3.0786400000000373,3.4061151835232844e-19,6.715401556233837e-20
3.079274285714323,3.6308504241437953e-19,5.2817339052153274e-20
3.079908571428609,3.4851109783278914e-19,4.642821700577217e-20
3.0805428571428948,3.82356806491871e-19,4.2527021336226746e-20
3.0811771428571806,4.0687517594550815e-19,5.302807562959537e-20
3.0818114285714664,3.110938927593196e-19,4.617103839747855e-20
3.082445714285752,3.3260958958559674e-19,4.3999696419589023e-20
3.083080000000038,4.445223064995351e-19,3.2485803823338524e-20
3.083714285714324,3.6720242438366406e-19,3.8965870744537015e-20
3.0843485714286096,3.261976315506627e-19,3.051854074281606e-20
3.0849828571428954,3.4246983681327084e-19,3.22274151676104e-20
3.0856171428571812,3.2718827659781677e-19,3.336795192070595e-20
3.086251428571467,3.758376311279255e-19,3.795203632952742e-20
3.086885714285753,3.919473430572943e-19,3.6082249700433134e-20
3.0875200000000387,2.7198050965937223e-19,3.726940539176084e-20
3.0881542857143245,2.3964980791710714e-19,6.392015537516308e-20
3.0887885714286103,3.414751454137735e-19,3.8118565493649764e-20
3.089422857142896,3.0560157040251874e-19,3.366708882509513e-20
3.090057142857182,2.9246540578061175e-19,3.646864015438468e-20
3.0906914285714677,3.499078411425398e-19,3.542992551443444e-20
3.0913257142857535,3.3560968440108744e-19,3.581088779809596e-20
3.0919600000000393,3.328399616360848e-19,3.4655678811129595e-20
3.092594285714325,3.513920971695106e-19,2.8435465128279806e-20
3.093228571428611,3.682016947293947e-19,4.044584554891824e-20
3.0938628571428968,3.7057027609238994e-19,4.8911663718304184e-20
3.0944971428571826,3.176007300951807e-19,4.0505623183805115e-20
3.0951314285714684,2.9692153875012425e-19,2.932930983808957e-20
3.095765714285754,3.1922658979339227e-19,3.006115460503993e-20
3.09640000000004,3.4299604278444074e-19,3.009116065762382e-20
3.097034285714326,3.033785613028957e-19,3.2596969771741385e-20
3.0976685714286116,3.6496168081977545e-19,3.621534904345389e-20
3.0983028571428974,3.2746271926563206e-19,3.166126556567089e-20
3.0989371428571832,3.3171151369289574e-19,3.6650060153002584e-20
3.099571428571469,3.4228047993657313e-19,3.46151813660258e-20
3.100205714285755,3.16012463255898e-19,3.64793681239203e-20
3.1008400000000407,3.05607298947238e-19,3.606359993166946e-20
3.1014742857143265,3.543724448239309e-19,6.42399387109194e-20
3.1021085714286123,3.4952798221940155e-19,3.988092256981079e-20
3.102742857142898,4.087127248661758e-19,4.0425962936478156e-20
3.103377142857184,3.126201636114009e-19,3.2823507678144594e-20
3.1040114285714697,3.3661882044992957e-19,3.069574377278898e-20
3.1046457142857555,2.8952944484060587e-19,4.174901607715632e-20
3.1052800000000413,2.9412068347369727e-19,3.5786457283527503e-20
3.105914285714327,3.1927806292573594e-19,3.964145784812989e-20
3.106548571428613,3.0203334754300324e-19,4.0011372656094297e-20
3.1071828571428988,3.098621635475601e-19,4.7378714164219365e-20
3.1078171428571846,3.126698604641764e-19,4.243146093075224e-20
3.1084514285714704,3.6125338928769045e-19,6.49287282918727e-20
3.109085714285756,3.417496745514641e-19,4.928133787630427e-20
3.109720000000042,2.6370035258116477e-19,3.877989320197538e-20
3.110354285714328,2.945767584036223e-19,4.034955391979323e-20
3.1109885714286136,3.4591358754248034e-19,3.970690481989276e-20
3.1116228571428994,2.254075764128476e-19,4.10369320959114e-20
3.1122571428571852,3.6313858441793183e-19,4.3431460265616026e-20
3.112891428571471,2.9797376677527557e-19,4.623292618861316e-20
3.113525714285757,3.500835059058088e-19,4.0893978873284674e-20
3.1141600000000427,2.193640527009036e-19,1.3887096848802279e-19
3.1147942857143285,3.448928126701406e-19,4.005398534396807e-20
3.1154285714286143,2.6097579491141316e-19,5.1205619145154367e-20
3.1160628571429,3.79107196421561e-19,3.829438746332456e-20
3.116697142857186,3.551945805989573e-19,4.2608610897865636e-20
3.1173314285714717,3.099077637139833e-19,3.8112469327226354e-20
3.1179657142857575,3.0709306906181016e-19,3.4986429724277635e-20
3.1186000000000433,3.744374518185803e-19,2.7828658905640003e-20
3.119234285714329,3.042837340820047e-19,3.981307080295175e-20
3.119868571428615,2.967600390172196e-19,3.710765176438712e-20
3.1205028571429008,2.5505352602152357e-19,4.061818368884539e-20
3.1211371428571866,3.362455059780812e-19,4.4606820564069037e-20
3.1217714285714724,3.7944950791536786e-19,3.8999518960935843e-20
3.122405714285758,3.0023368142475247e-19,2.7917072642201827e-20
3.123040000000044,2.866146876315014e-19,2.6981118851166257e-20
3.12367428571433,3.1308043805939594e-19,3.513485413026513e-20
3.1243085714286156,3.0215410643934674e-19,4.174178528162214e-20
3.1249428571429014,2.6792302799769887e-19,3.9886431103141955e-20
3.1255771428571872,2.733534405553984e-19,4.635239594622475e-20
3.126211428571473,3.068394171117471e-19,6.210256591249817e-20
3.126845714285759,2.774361282493129e-19,6.648363566560525e-20
3.1274800000000447,4.672349484696403e-19,7.968166889521323e-20
3.1281142857143305,3.83319456338053e-19,3.0724921135977195e-20
3.1287485714286163,3.636596816040914e-19,1.305400477214328e-19
3.129382857142902,3.2232619121303297e-19,3.1388327039542284e-20
3.130017142857188,2.8989702561210986e-19,2.7359551744496604e-20
3.1306514285714737,3.228389041687572e-19,3.643576175249596e-20
3.1312857142857595,2.9471726166957427e-19,3.2372708808588434e-20
3.1319200000000453,2.8116341416321203e-19,3.380742027072529e-20
3.132554285714331,3.2299842773362416e-19,3.886526779013747e-20
3.133188571428617,3.064042619493743e-19,5.019713419014061e-20
3.1338228571429028,3.2649277328659974e-19,3.697902543754983e-20
3.1344571428571886,2.892965137694084e-19,3.1422527766358956e-20
3.1350914285714744,2.8047999941851014e-19,3.2254524813844794e-20
3.13572571428576,3.832905341758756e-19,6.799480603409774e-20
3.136360000000046,2.8523567509471997e-19,3.2989229910147763e-20
3.136994285714332,2.269947215427956e-19,2.8054375081991856e-20
3.1376285714286176,3.0142361581284295e-19,3.623939203375135e-20
3.1382628571429034,2.450514569445631e-19,3.436369376348017e-20
3.1388971428571892,3.311192687538283e-19,3.696312831450372e-20
3.139531428571475,2.7522731798577156e-19,3.541029329582744e-20
3.140165714285761,3.0181066524922203e-19,3.7364170953207663e-20
3.1408000000000467,3.8659148276478166e-19,6.149749054402418e-20
3.1414342857143325,3.2638647815580015e-19,3.562441408109118e-20
3.1420685714286183,3.5529328055103193e-19,3.500425984970935e-20
3.142702857142904,3.235702968183094e-19,3.14631631713869e-20
3.14333714285719,3.7745354276792395e-19,3.6268748399780806e-20
3.1439714285714757,3.164223126959327e-19,3.0278805872954805e-20
3.1446057142857615,2.4966104565818637e-19,3.3815212380396637e-20
3.1452400000000473,3.3851399881833063e-19,3.771074321324008e-20
3.145874285714333,3.374001628625068e-19,4.26965876054378e-20
3.146508571428619,3.1735113768294483e-19,3.1306036969105565e-20
3.1471428571429048,2.824886210885553e-19,3.336596070894777e-20
3.1477771428571906,2.719396830243574e-19,3.2842166790026295e-20
3.1484114285714764,3.1498068304318106e-19,2.791936469175485e-20
3.149045714285762,3.459380244328975e-19,3.2834169356763597e-20
3.149680000000048,3.0765804146293574e-19,2.990558848818275e-20
3.150314285714334,2.7966686245929073e-19,3.2042809973207645e-20
3.1509485714286196,3.2828247372971475e-19,2.860419787130903e-20
3.1515828571429054,2.6972531859621237e-19,3.083518284930809e-20
3.1522171428571912,3.3102787938714354e-19,3.0944480307313493e-20
3.152851428571477,2.6208585993064165e-19,3.2093631100526455e-20
3.153485714285763,2.272319207088767e-19,5.0532258439608326e-20
3.1541200000000487,3.977848687875422e-19,7.076801262476987e-20
3.1547542857143345,2.893611203354828e-19,3.371394370231815e-20
3.1553885714286203,2.5288767701530215e-19,4.058696632531234e-20
3.156022857142906,2.7393781662705594e-19,4.000665760694647e-20
3.156657142857192,2.6690792974253823e-19,4.0684279953106873e-20
3.1572914285714777,3.396430328380006e-19,6.196696217712003e-20
3.1579257142857635,2.9191303058869864e-19,3.50754359878917e-20
3.1585600000000493,3.09738461266327e-19,4.202933975046296e-20
3.159194285714335,3.2316461571664166e-19,2.5745537535566144e-20
3.159828571428621,2.6625098261958573e-19,3.242738316494147e-20
3.1604628571429068,3.197390019620343e-19,3.113597920094692e-20
3.1610971428571926,3.116475334115999e-19,3.6316973605423975e-20
3.1617314285714784,3.085151392561743e-19,3.345751777078115e-20
3.162365714285764,3.5978988701657116e-19,3.5303929249366525e-20
3.16300000000005,2.753631749032597e-19,3.0858292017007816e-20
3.163634285714336,2.711571915834393e-19,4.0108032321495204e-20
3.1642685714286216,3.2648563590645345e-19,3.678413203292175e-20
3.1649028571429074,3.0578838082323406e-19,3.074749086249368e-20
3.1655371428571932,2.9870611525051034e-19,3.0889290698066335e-20
3.166171428571479,3.634271129469122e-19,3.6653037907211944e-20
3.166805714285765,3.704316464675574e-19,3.314561134749512e-20
3.1674400000000507,2.502130406434128e-19,4.1237377222136457e-20
3.1680742857143365,3.5098592886475445e-19,5.482125790584558e-20
3.1687085714286223,2.723507494376632e-19,4.984451617722804e-20
3.169342857142908,2.910822262975005e-19,3.507175790758337e-20
3.169977142857194,2.939076798129481e-19,3.629329131026028e-20
3.1706114285714797,2.571258785312178e-19,3.290791582310664e-20
3.1712457142857655,2.4450860764393145e-19,3.007753083916123e-20
3.1718800000000513,3.263055621940339e-19,3.366854050001019e-20
3.172514285714337,2.956905787840139e-19,3.182212330641026e-20
3.173148571428623,2.703416053569916e-19,3.331608888461973e-20
3.1737828571429088,3.4460478230426157e-19,3.4407924612576516e-20
3.1744171428571946,3.448007746270775e-19,3.219031646400026e-20
3.1750514285714804,3.1793708271461926e-19,3.3439155782662736e-20
3.175685714285766,2.7665507577051524e-19,3.285488508154746e-20
3.176320000000052,2.300904707064673e-19,3.485860529736952e-20
3.176954285714338,2.99400770565571e-19,3.3808957394154116e-20
3.1775885714286236,2.9902252507668e-19,4.1918332445639275e-20
3.1782228571429094,3.3435638401520758e-19,3.7554829838543015e-20
3.1788571428571952,2.7175556851550525e-19,3.024114860652034e-20
3.179491428571481,3.1880687059864895e-19,3.168149249566955e-20
3.180125714285767,2.4481641243233414e-19,3.038594699539653e-20
3.1807600000000527,3.205590977001595e-19,3.6545441083840446e-20
3.1813942857143385,4.093896333537467e-19,3.810973487387074e-20
3.1820285714286243,3.418505855438192e-19,3.466364804684456e-20
3.18266285714291,2.633600625188488e-19,6.270249845145915e-20
3.183297142857196,3.105150874939238e-19,3.439386865223202e-20
3.1839314285714817,2.6503991045886153e-19,3.435965708756192e-20
3.1845657142857675,3.511689323712759e-19,3.31893107835877e-20
3.1852000000000533,2.759462089586157e-19,5.2383643316609755e-20
3.185834285714339,3.3412703639495946e-19,2.702531707064551e-20
3.186468571428625,3.421796390616726e-19,4.523597560228192e-20
3.1871028571429108,1.9734471507205393e-19,5.363336174922005e-20
3.1877371428571966,2.8932311841639785e-19,5.926381312210352e-20
3.1883714285714824,2.153863233312018e-19,5.445805851400412e-20
3.189005714285768,3.5208776186231766e-19,4.022853629316765e-20
3.189640000000054,2.6251637024810716e-19,2.8255480449664716e-20
3.19027428571434,2.8893526559000124e-19,3.325443802096492e-20
3.1909085714286256,2.8571736566917934e-19,3.32786547112663e-20
3.1915428571429114,3.1325536317318596e-19,4.303210049520062e-20
3.1921771428571972,3.3879777163473553e-19,5.435697820408127e-20
3.192811428571483,3.546851274993656e-19,2.8660647386496517e-20
3.193445714285769,3.381914335402862e-19,3.588557123364685e-20
3.1940800000000547,3.2650608364894553e-19,2.8624191270256515e-20
3.1947142857143405,2.8990446172596197e-19,3.688526671891731e-20
3.1953485714286263,3.549535415496394e-19,3.202891515316804e-20
3.195982857142912,2.0956017157974225e-19,5.349087839762111e-20
3.196617142857198,3.016248871682316e-19,3.051289831479456e-20
3.1972514285714837,3.0320043172306993e-19,3.815016869005365e-20
3.1978857142857695,3.247857539490746e-19,3.405501523285095e-20
3.1985200000000553,3.3473533137843605e-19,3.08875830592009e-20
3.199154285714341,3.409909969989722e-19,3.111528187338183e-20
3.199788571428627,3.247087500177832e-19,2.5224106980207496e-20
3.2004228571429127,2.9164659831896034e-19,3.021584700551357e-20
3.2010571428571986,3.250141615400239e-19,2.885622454811002e-20
3.2016914285714844,2.8854630428721117e-19,2.8740992542041737e-20
3.20232571428577,3.51768240419211e-19,3.067470209345731e-20
3.202960000000056,3.3460125558885977e-19,3.155552517662902e-20
3.203594285714342,3.6192732518603745e-19,3.9964520379285696e-20
3.2042285714286276,2.9840268764050653e-19,3.0740283870430814e-20
3.2048628571429134,3.179340175331362e-19,3.0441091779771846e-20
3.205497142857199,3.7185308609458726e-19,3.1296886099888434e-20
3.206131428571485,3.3382347919199157e-19,2.388575410090306e-20
3.206765714285771,3.3843345097196053e-19,3.198405672713937e-20
3.2074000000000567,3.389831174816409e-19,3.73379275124459e-20
3.2080342857143425,3.8137217601419056e-19,3.1761111772303977e-20
3.2086685714286283,3.746519114885721e-19,3.4135722951976287e-20
3.209302857142914,3.205339561295284e-19,4.530849281609682e-20
3.2099371428572,2.702643434784137e-19,7.243376664954879e-20
3.2105714285714857,3.6640371764736466e-19,3.644827966705264e-20
3.2112057142857715,2.5646635061678415e-19,3.559037952591465e-20
3.2118400000000573,3.6226847999040737e-19,3.081877327799539e-20
3.212474285714343,3.2405985304495698e-19,3.1277251870546206e-20
3.213108571428629,3.2399026980654913e-19,3.143839619678318e-20
3.2137428571429147,3.603747483739873e-19,3.527246557391845e-20
3.2143771428572006,3.496895288927305e-19,3.322571792645747e-20
3.2150114285714864,3.520871040313068e-19,3.962659398179555e-20
3.215645714285772,3.7279415591893463e-19,4.415618521455096e-20
3.216280000000058,3.042211730214269e-19,3.074362313358324e-20
3.216914285714344,3.9339191692918045e-19,3.8668999807932634e-20
3.2175485714286296,3.326513172207926e-19,2.9445658406530365e-20
3.2181828571429154,3.2497754868279457e-19,4.7291434357961504e-20
3.218817142857201,2.9812768456268103e-19,3.414696242192237e-20
3.219451428571487,3.086393592795817e-19,3.863919482195777e-20
3.220085714285773,2.977939444678282e-19,3.1654795421761276e-20
3.2207200000000586,2.920270807467514e-19,2.7360643047770366e-20
3.2213542857143445,3.3562671132186854e-19,3.0018669450905477e-20
3.2219885714286303,3.0314382407403497e-19,3.2415531254530665e-20
3.222622857142916,3.023606110608659e-19,3.0130287848861404e-20
3.223257142857202,3.652387649320121e-19,4.891211470945226e-20
3.2238914285714877,2.600295122091505e-19,2.71890447417283e-20
3.2245257142857735,3.1755086741865473e-19,3.916445586411505e-20
3.2251600000000593,3.2248166062632467e-19,3.079182186150692e-20
3.225794285714345,2.6504606952066247e-19,4.151381510137001e-20
3.226428571428631,2.8168347470257206e-19,3.00814101377538e-20
3.2270628571429167,3.2453725280176566e-19,4.170556687212924e-20
3.2276971428572026,3.0792531632631766e-19,3.338608198327583e-20
3.2283314285714884,3.194551975462582e-19,3.088341716347294e-20
3.228965714285774,3.3283175691427274e-19,3.3005753581967136e-20
3.22960000000006,3.1661981622707867e-19,3.0145573624557876e-20
3.230234285714346,3.3445899143429524e-19,2.7211191930150505e-20
3.2308685714286316,3.394843359224487e-19,4.1791024889447076e-20
3.2315028571429174,3.3243030695789275e-19,3.99854726909848e-20
3.232137142857203,2.7406983741323374e-19,7.302433153195254e-20
3.232771428571489,3.073043157649457e-19,3.6705005340951197e-20
3.233405714285775,2.909613197415202e-19,2.7771757807444116e-20
3.2340400000000606,2.9535824126579836e-19,3.2970706427078916e-20
3.2346742857143465,3.2047417907619445e-19,3.353688646397852e-20
3.2353085714286323,2.586396784385449e-19,3.573774574639734e-20
3.235942857142918,2.9341007795811396e-19,3.6204246086138534e-20
3.236577142857204,3.5937092132972875e-19,3.5149840396441554e-20
3.2372114285714897,2.66329899214608e-19,2.1051520125645465e-19
3.2378457142857755,3.13014305096946e-19,4.340346966396641e-20
3.2384800000000613,6.40293382562542e-19,2.9484190735759304e-19
3.239114285714347,2.6767919002854715e-19,5.613668296210204e-20
3.239748571428633,2.920368170028469e-19,4.5210834176185886e-20
3.2403828571429187,3.245946650124716e-19,3.157160986001132e-20
3.2410171428572045,3.060338101046801e-19,2.292790086811363e-20
3.2416514285714904,3.14890633196869e-19,2.8445057677534707e-20
3.242285714285776,2.959898344238088e-19,3.1759749283384087e-20
3.242920000000062,2.8257543236483506e-19,2.762432936989704e-20
3.243554285714348,3.0811535528614606e-19,3.277095987048907e-20
3.2441885714286336,3.489627209373888e-19,3.064012481106787e-20
3.2448228571429194,3.062049845377963e-19,3.081056364796008e-20
3.245457142857205,2.904671150739659e-19,2.967288201120148e-20
3.246091428571491,3.0278081041935877e-19,2.4342738709785343e-20
3.246725714285777,2.887191861624248e-19,3.1831733117401993e-20
3.2473600000000626,3.1833262801581383e-19,2.883393877356479e-20
3.2479942857143485,3.197245998428636e-19,3.227090409050806e-20
3.2486285714286343,3.4043399339774084e-19,3.3384486765461965e-20
3.24926285714292,2.6926436521814326e-19,3.237574886607918e-20
3.249897142857206,3.5774626797531607e-19,3.7994819076334804e-20
3.2505314285714917,3.0141825415439704e-19,2.5701023117544817e-20
3.2511657142857775,2.8743289950189587e-19,2.806936678886692e-20
3.2518000000000633,3.351096438504852e-19,3.174970531753604e-20
3.252434285714349,2.443414658058075e-19,4.8365097242086975e-20
3.253068571428635,3.187296901742209e-19,4.259455342405018e-20
3.2537028571429207,3.466480480327713e-19,3.2770164484417656e-20
3.2543371428572065,3.4521750480543343e-19,3.4866038658790996e-20
3.2549714285714924,2.6937570896313464e-19,3.191452738117693e-20
3.255605714285778,2.917580287128506e-19,3.425833178819204e-20
3.256240000000064,3.2564285441594607e-19,3.590365561369851e-20
3.25687428571435,3.024718606800537e-19,3.102521978306947e-20
3.2575085714286356,2.831608888218822e-19,2.9660545734767e-20
3.2581428571429214,3.5722489212296185e-19,3.273788546127451e-20
3.258777142857207,3.479068690417368e-19,3.408941189216646e-20
3.259411428571493,3.512114643234088e-19,2.959779007412558e-20
3.260045714285779,3.414033025611329e-19,2.972171377075295e-20
3.2606800000000646,3.221679004490867e-19,3.15919878533172e-20
3.2613142857143504,3.7506042644653477e-19,2.962668945989213e-20
3.2619485714286363,3.73203078426113e-19,3.532250039190876e-20
3.262582857142922,3.2938354372326565e-19,2.934642284258077e-20
3.263217142857208,4.025562446942203e-19,3.6639051754581286e-20
3.2638514285714937,3.689381554093292e-19,3.4016539849124184e-20
3.2644857142857795,3.6192596105968706e-19,3.428262588447758e-20
3.2651200000000653,3.837072023037197e-19,4.0656332742937524e-20
3.265754285714351,3.4095987924496477e-19,3.296178677791558e-20
3.266388571428637,3.512572005056854e-19,6.037123579312631e-20
3.2670228571429227,3.3385097209633695e-19,2.9606948090009775e-20
3.2676571428572085,3.432834851884344e-19,3.72909237866293e-20
3.2682914285714944,3.5234360887264174e-19,2.916371927153326e-20
3.26892571428578,3.771034562350597e-19,2.889921222860225e-20
3.269560000000066,4.094886127776161e-19,2.8268892733301466e-20
3.270194285714352,3.9441591742014127e-19,3.2300143352554684e-20
3.2708285714286376,3.6611922612078377e-19,3.133291266301708e-20
3.2714628571429234,3.6691459329935156e-19,2.8744279178851534e-20
3.272097142857209,3.786632774895142e-19,3.521237566288228e-20
3.272731428571495,3.8283486823859953e-19,2.856258093488948e-20
3.273365714285781,3.276804950824472e-19,2.929364818070424e-20
3.2740000000000666,1.9407730904973718e-19,3.2454054219703356e-19
3.2746342857143524,3.8951201975363515e-19,3.985910765626012e-20
3.2752685714286383,3.944455806018704e-19,3.234315664780794e-20
3.275902857142924,3.858052610060875e-19,3.0323802731403223e-20
3.27653714285721,3.266480021375477e-19,3.063122866943646e-20
3.2771714285714957,3.6671540260071037e-19,3.6943091691481286e-20
3.2778057142857815,3.4966388285925554e-19,3.800500184467851e-20
3.2784400000000673,4.171875033768922e-19,3.2339727147101745e-20
3.279074285714353,3.9055904501243426e-19,3.5113048271535644e-20
3.279708571428639,3.9677530426083207e-19,3.480563557026828e-20
3.2803428571429247,4.0914853045877107e-19,8.324066510095171e-20
3.2809771428572105,3.8351593217552125e-19,4.1884001687880465e-20
3.2816114285714963,3.268564161808427e-19,3.2595669089212366e-20
3.282245714285782,3.368159936050016e-19,3.216314652439232e-20
3.282880000000068,3.917298694764222e-19,2.93942114420851e-20
3.2835142857143538,3.63473299054856e-19,2.89313002533513e-20
3.2841485714286396,3.5973118552916227e-19,3.778146672270669e-20
3.2847828571429254,3.34472862151071e-19,4.085128847281214e-20
3.285417142857211,3.8251239482474517e-19,3.651918605458603e-20
3.286051428571497,3.744379778755243e-19,2.43278695083881e-20
3.286685714285783,3.374385667611633e-19,3.4431381115179433e-20
3.2873200000000686,3.4197847500985386e-19,3.277050040594246e-20
3.2879542857143544,3.5646117530533497e-19,2.85739547211639e-20
3.2885885714286403,3.3211360142627143e-19,2.0435232617005387e-20
3.289222857142926,3.7832280412779e-19,6.292308752122477e-20
3.289857142857212,3.42036863029136e-19,3.032685951352868e-20
3.2904914285714977,3.525722767218966e-19,2.770619619184667e-20
3.2911257142857835,3.1951797064210065e-19,3.398677812921685e-20
3.2917600000000693,3.2778339277501194e-19,2.731085124226204e-20
3.292394285714355,3.1495158651074885e-19,3.4251581048530184e-20
3.293028571428641,3.2427950222707863e-19,3.006266838624449e-20
3.2936628571429267,2.709666383234787e-19,3.528248309908646e-20
3.2942971428572125,3.4825186806347413e-19,6.079357261682209e-20
3.2949314285714983,3.291250323695075e-19,3.1189171374401657e-20
3.295565714285784,2.9438752932371623e-19,3.321914948054258e-20
3.29620000000007,3.069251312945123e-19,2.645288678856628e-20
3.2968342857143558,2.9374039935476774e-19,3.270563879903104e-20
3.2974685714286416,3.2764767468893845e-19,2.9768250740895336e-20
3.2981028571429274,2.871608113205829e-19,2.9102834740342016e-20
3.298737142857213,3.039921855000849e-19,2.1050008928314256e-20
3.299371428571499,3.5662762648951753e-19,3.2828266755102584e-20
3.300005714285785,3.2480677372986137e-19,3.087562966267796e-20
3.3006400000000706,3.2899615948594724e-19,3.05948657103747e-20
3.3012742857143564,2.7949585330203065e-19,2.896875404652954e-20
3.3019085714286422,2.649108859335331e-19,3.245289325597205e-20
3.302542857142928,2.9748395024071943e-19,3.209703808630001e-20
3.303177142857214,3.0708096389456867e-19,3.453599881853306e-20
3.3038114285714997,3.236971344149431e-19,3.585761710875516e-20
3.3044457142857855,3.640901868074314e-19,2.7727905252076463e-20
3.3050800000000713,2.851421037160259e-19,2.8520042605459243e-20
3.305714285714357,2.8515451974793276e-19,3.303536704986668e-20
3.306348571428643,3.0430369810027823e-19,2.685893469190252e-20
3.3069828571429287,3.0231349955728646e-19,2.803614736980251e-20
3.3076171428572145,3.2300317244433537e-19,3.048840517144199e-20
3.3082514285715003,2.750847282792331e-19,5.488878446632372e-20
3.308885714285786,3.438082164230775e-19,3.4144699807121504e-20
3.309520000000072,2.3860608427500615e-19,3.155087039149058e-20
3.3101542857143578,3.2451560295818627e-19,3.3310112530599294e-20
3.3107885714286436,3.0384408148589504e-19,2.5613386436157043e-20
3.3114228571429294,3.196182311418937e-19,2.742564251564076e-20
3.312057142857215,3.7255363719370286e-19,3.4789063827672206e-20
3.312691428571501,3.3442251530672264e-19,3.147594495849675e-20
3.313325714285787,2.813106365849292e-19,2.6657214502356584e-20
3.3139600000000726,2.857407349551588e-19,3.141157910758126e-20
3.3145942857143584,2.8124837850313346e-19,2.4835284917108107e-20
3.3152285714286442,2.992649749066283e-19,3.2891545526801626e-20
3.31586285714293,3.347483771621942e-19,3.240444205445937e-20
3.316497142857216,2.9513110969229487e-19,2.181821007921814e-20
3.3171314285715017,2.7838359457706915e-19,2.758754230643272e-20
3.3177657142857875,3.4855719275763017e-19,3.3179511700573994e-20
3.3184000000000733,2.969570558091371e-19,2.782660263715578e-20
3.319034285714359,3.3304438589373175e-19,3.486858045505746e-20
3.319668571428645,3.106363396236668e-19,3.0698008773472477e-20
3.3203028571429307,2.770292517657314e-19,2.864061045731171e-20
3.3209371428572165,2.9131323510722013e-19,2.504397128086575e-20
3.3215714285715023,3.123193301941492e-19,2.6605406149229773e-20
3.322205714285788,3.3908085284116486e-19,3.047017673960403e-20
3.322840000000074,3.385293032862722e-19,3.691022727690632e-20
3.3234742857143598,3.21759551606675e-19,3.412682100453032e-20
3.3241085714286456,3.320521724968084e-19,8.99406606187393e-20
3.3247428571429314,3.240699313211535e-19,3.09464065558705e-20
3.325377142857217,3.223258807852606e-19,3.4139777197445014e-20
3.326011428571503,2.88098418821253e-19,2.767062594289629e-20
3.326645714285789,2.5229116253104595e-19,2.6957680783846323e-20
3.3272800000000746,2.7610452401555354e-19,2.815610534080072e-20
3.3279142857143604,3.418290906404159e-19,3.5899563664351326e-20
3.3285485714286462,3.715844018046383e-19,3.312828356154356e-20
3.329182857142932,3.705875509596002e-19,3.9032829228338864e-20
3.329817142857218,2.7141588073171495e-19,3.776895732205841e-20
3.3304514285715037,3.466527981256572e-19,3.3427464826542595e-20
3.3310857142857895,3.351989238402803e-19,3.501336572596382e-20
3.3317200000000753,2.9504966287310176e-19,3.639055014934541e-20
3.332354285714361,3.1152567858970732e-19,2.9482678435371504e-20
3.332988571428647,2.544328793432198e-19,3.207606813844048e-20
3.3336228571429327,3.5403762514686745e-19,3.282567637650326e-20
3.3342571428572185,3.6232668401450467e-19,3.508791794459003e-20
3.3348914285715043,2.9752347242483208e-19,3.1674798718724304e-20
3.33552571428579,2.7701922164847007e-19,3.4766704994705253e-20
3.336160000000076,3.0439160292731094e-19,3.320465183217942e-20
3.3367942857143618,3.195400632982242e-19,3.0851733825405506e-20
3.3374285714286476,2.8695460820847413e-19,3.6020466123890233e-20
3.3380628571429334,3.1330321201242815e-19,2.822061816308463e-20
3.338697142857219,2.2590160783121736e-19,4.478017020522731e-20
3.339331428571505,3.1226931916577553e-19,2.961153037658764e-20
3.339965714285791,3.229433792511035e-19,2.5603993114126002e-20
3.3406000000000766,3.076742085879946e-19,2.5937770575613428e-20
3.3412342857143624,2.342817833122155e-19,4.281600910869539e-20
3.3418685714286482,2.66704608251241e-19,2.814980200137071e-20
3.342502857142934,3.099725488265195e-19,2.7571217859786296e-20
3.34313714285722,3.1619448092597366e-19,2.747254354085921e-20
3.3437714285715057,2.7041404886490127e-19,3.3297272085560613e-20
3.3444057142857915,3.1399336879780347e-19,3.3634120597288856e-20
3.3450400000000773,3.4566799540880193e-19,2.3795533475884724e-20
3.345674285714363,2.9997349095215886e-19,2.5203514241725953e-20
3.346308571428649,3.1481220054858966e-19,3.7354787133399545e-20
3.3469428571429347,3.0177191439595605e-19,2.6303375564261695e-20
3.3475771428572205,2.844319207915692e-19,2.739817390927309e-20
3.3482114285715063,3.0801958417352976e-19,3.415094629007827e-20
3.348845714285792,2.5767726495635308e-19,3.591061738851853e-20
3.349480000000078,2.9291306753868314e-19,3.740051018832135e-20
3.3501142857143638,2.9321598294425595e-19,2.870521877039832e-20
3.3507485714286496,2.493504899304027e-19,2.88299654498996e-20
3.3513828571429354,2.9897584681173567e-19,2.622384053786661e-20
3.352017142857221,3.3728176514565086e-19,3.0011067656598554e-20
3.352651428571507,1.9490279676823795e-19,6.212427476807443e-20
3.353285714285793,3.1119517402334303e-19,2.7452110039797327e-20
3.3539200000000786,2.4677552765085285e-19,2.4383595657456992e-20
3.3545542857143644,3.1476034691642465e-19,3.2158288064972054e-20
3.3551885714286502,2.9621521868385567e-19,2.4732188488784325e-20
3.355822857142936,3.024107776470404e-19,2.967162459577711e-20
3.356457142857222,2.6786597491416112e-19,3.014718731000218e-20
3.3570914285715077,2.9254839170594535e-19,2.4711820422445803e-20
3.3577257142857935,2.9450849781820096e-19,2.654214705327536e-20
3.3583600000000793,2.716041461887843e-19,3.13645149851037e-20
3.358994285714365,2.8023358207473056e-19,3.280143872256862e-20
3.359628571428651,3.096561393395348e-19,1.8481589495989813e-20
3.3602628571429367,3.378887566092413e-19,2.6426081365406128e-20
3.3608971428572225,2.7831912231973443e-19,2.856401046897848e-20
3.3615314285715083,2.7736248181633655e-19,3.05031134729706e-20
3.362165714285794,3.3616625505016257e-19,3.489537857822318e-20
3.36280000000008,3.062765373142074e-19,3.026991568567779e-20
3.3634342857143658,2.502475299949153e-19,3.2304191202079544e-20
3.3640685714286516,2.675464291949236e-19,2.482901024683416e-20
3.3647028571429374,2.418647578474866e-19,2.7636985877040174e-20
3.365337142857223,2.777135155735648e-19,2.8332721539129856e-20
3.365971428571509,2.9454814844428417e-19,3.153544970095924e-20
3.366605714285795,2.720358173847789e-19,3.5881876635048645e-20
3.3672400000000806,3.456397216241533e-19,6.095731121121352e-20
3.3678742857143664,2.859017251909283e-19,2.4380985408461453e-20
3.3685085714286522,2.9726267134109413e-19,3.406487776608442e-20
3.369142857142938,3.1525145556666423e-19,3.0562808881122163e-20
3.369777142857224,2.7935209774815696e-19,3.6316265548787966e-20
3.3704114285715097,2.820769425509323e-19,2.4970166869720474e-20
3.3710457142857955,2.9301972385007955e-19,2.2722563345285618e-20
3.3716800000000813,2.46783525709792e-19,2.975058140268392e-20
3.372314285714367,2.619593830431346e-19,2.6641482613817e-20
3.372948571428653,2.543277243784614e-19,2.4887047002010975e-20
3.3735828571429387,2.8229203992641746e-19,3.7257292726306475e-20
3.3742171428572245,2.99535914883414e-19,2.866258962942312e-20
3.3748514285715103,2.731945438436627e-19,3.085761656394648e-20
3.375485714285796,2.811412561204643e-19,2.972804168336499e-20
3.376120000000082,2.889212372408559e-19,3.425708880778561e-20
3.3767542857143678,2.3366056799055144e-19,3.2193611586461114e-20
3.3773885714286536,2.764697930954308e-19,2.948702440036286e-20
3.3780228571429394,2.8145900794003416e-19,2.6869128659313326e-20
3.378657142857225,2.8422070934076722e-19,2.6108658985865858e-20
3.379291428571511,2.6132974597033496e-19,2.5044404871926452e-20
3.379925714285797,2.774390559090033e-19,2.6248532377870918e-20
3.3805600000000826,2.738599397730752e-19,2.8037288322666866e-20
3.3811942857143684,2.573726139909277e-19,2.353494075208085e-20
3.3818285714286542,3.79167989716158e-19,5.331964051578416e-20
3.38246285714294,2.8773830358436766e-19,3.209816403052181e-20
3.383097142857226,2.5472740120412333e-19,3.6636410398503823e-20
3.3837314285715117,2.3673282865507152e-19,2.6004269970395885e-20
3.3843657142857975,2.6042930471022295e-19,2.265152216014347e-20
3.3850000000000833,3.1571442027811995e-19,3.4302853985588555e-20
3.385634285714369,2.4260608953915647e-19,2.5095679739658422e-20
3.386268571428655,2.8710690323690523e-19,2.305567676732342e-20
3.3869028571429407,2.7550206778977517e-19,3.2140524763825234e-20
3.3875371428572265,2.4776634047243225e-19,2.920108286558517e-20
3.3881714285715123,2.815998273545592e-19,3.2705148231517265e-20
3.388805714285798,2.6109391012376546e-19,2.3493851749977534e-20
3.389440000000084,3.112379000255546e-19,2.6195606253197155e-20
3.3900742857143698,2.765928700095983e-19,3.835152298543371e-20
3.3907085714286556,2.825312794921124e-19,2.912248295734814e-20
3.3913428571429414,2.726140999017205e-19,3.0789288115201365e-20
3.391977142857227,2.320555952352579e-19,3.274119569645095e-20
3.392611428571513,3.0679953988339116e-19,3.6493773693899327e-20
3.393245714285799,2.4334600856422245e-19,2.658150746001236e-20
3.3938800000000846,3.3180309065178006e-19,3.157401303997304e-20
3.3945142857143704,2.770221196489784e-19,3.4260836615071e-20
3.3951485714286562,2.5776227703941973e-19,2.9287089813246055e-20
3.395782857142942,2.685997220768494e-19,3.0895914857120536e-20
3.396417142857228,3.5759916773837362e-19,3.6873194293516886e-20
3.3970514285715137,2.105776112759287e-19,1.938581133122407e-20
3.3976857142857995,2.6245988082782173e-19,3.57242060302832e-20
3.3983200000000853,3.178450382703963e-19,2.7698191751248557e-20
3.398954285714371,2.862710162793143e-19,2.2206200277380337e-20
3.399588571428657,2.986462402618558e-19,2.9208027716814203e-20
3.4002228571429427,3.047934662604222e-19,3.01520204261248e-20
3.4008571428572285,2.6066078229653976e-19,3.17306065339729e-20
3.4014914285715143,2.9197771991636225e-19,3.070531913432942e-20
3.4021257142858,2.905489428044707e-19,2.7509291361573943e-20
3.402760000000086,2.8185566578288874e-19,2.902373239550015e-20
3.4033942857143717,2.7838640666255917e-19,3.256123946337777e-20
3.4040285714286576,2.6582119341168195e-19,3.201694035654621e-20
3.4046628571429434,2.7101230577452634e-19,2.895043987911308e-20
3.405297142857229,2.8758820814574285e-19,3.078667317203559e-20
3.405931428571515,2.8139397432126626e-19,2.1519226995427093e-20
3.406565714285801,3.2935670283725213e-19,3.055352815621336e-20
3.4072000000000866,2.943512545800818e-19,3.8331404664371156e-20
3.4078342857143724,3.194478521836161e-19,2.818190351292227e-20
3.4084685714286582,2.801319191468742e-19,2.8047469195865373e-20
3.409102857142944,3.0308108449288236e-19,2.020771516363194e-20
3.40973714285723,3.075626367471648e-19,3.007131564142528e-20
3.4103714285715157,2.809467180896003e-19,2.7666820714008324e-20
3.4110057142858015,3.345827803329853e-19,2.915557575766212e-20
3.4116400000000873,3.1211633849853627e-19,2.2486438607789407e-20
3.412274285714373,3.5645425158299904e-19,2.7314614655130646e-20
3.412908571428659,2.5411164712485023e-19,5.675961097881572e-20
3.4135428571429447,3.431250193897258e-19,3.325578049831576e-20
3.4141771428572305,3.126180266738634e-19,3.12440454783559e-20
3.4148114285715163,3.3937259559631503e-19,4.025224049051218e-20
3.415445714285802,3.259196086177945e-19,2.769439635455407e-20
3.416080000000088,2.922392074082456e-19,3.6464933583366046e-20
3.4167142857143737,2.777201718639004e-19,2.6343956020157134e-20
3.4173485714286596,3.309084251258434e-19,3.1439238004551106e-20
3.4179828571429454,3.3813298594211293e-19,3.524515723612723e-20
3.418617142857231,3.242339391597099e-19,2.900359923941847e-20
3.419251428571517,3.057266861247045e-19,2.9974854022269675e-20
3.419885714285803,2.8718022508928877e-19,2.497117261520165e-20
3.4205200000000886,3.3521462375543354e-19,2.8464949899241706e-20
3.4211542857143744,3.2042172223766277e-19,3.420694168852798e-20
3.42178857142866,2.9052424815374527e-19,2.769868526264664e-20
3.422422857142946,2.9908767193394086e-19,2.7088525207174008e-20
3.423057142857232,3.3306717930944333e-19,3.397090433097052e-20
3.4236914285715176,3.34163971913289e-19,2.689946237456854e-20
3.4243257142858035,2.835396218068381e-19,3.233258268369483e-20
3.4249600000000893,3.0197855737741344e-19,3.4662045029116043e-20
3.425594285714375,3.457903944030928e-19,2.773954439877344e-20
3.426228571428661,3.3980838022709845e-19,3.627132674016503e-20
3.4268628571429467,2.993233693494343e-19,3.264972906967745e-20
3.4274971428572325,1.4353555526353497e-19,7.76518881148934e-20
3.4281314285715183,2.600588277219533e-19,3.148161606135341e-20
3.428765714285804,2.910797099283216e-19,2.6767209905764887e-20
3.42940000000009,3.1705517212113855e-19,3.215381794721067e-20
3.4300342857143757,2.6145035168195494e-19,2.610515271299279e-20
3.4306685714286616,2.9488573674886545e-19,2.7201858864517825e-20
3.4313028571429474,2.85951867671085e-19,3.318530491981251e-20
3.431937142857233,2.779335382918104e-19,2.756433997754627e-20
3.432571428571519,3.048544565716075e-19,3.128294551594949e-20
3.433205714285805,3.164355655601885e-19,2.726074539525691e-20
3.4338400000000906,2.817342054041809e-19,3.35956235302285e-20
3.4344742857143764,2.947585891486493e-19,2.9846847679343347e-20
3.435108571428662,3.2029054563882175e-19,3.0698592648107695e-20
3.435742857142948,2.61818299919953e-19,3.86864106855713e-20
3.436377142857234,2.824347942986966e-19,2.6525276882243008e-20
3.4370114285715196,3.2330530642931797e-19,2.7430231744694694e-20
3.4376457142858055,3.0589540606356355e-19,3.7235230623414245e-20
3.4382800000000913,3.055352375205827e-19,3.1443642971952225e-20
3.438914285714377,2.5149392854278996e-19,2.3597319496032027e-20
3.439548571428663,2.6657937555888797e-19,2.818998191236945e-20
3.4401828571429487,2.687320978109021e-19,2.8399381525913055e-20
3.4408171428572345,2.9124455907548143e-19,2.845760229790924e-20
3.4414514285715203,2.573177891103057e-19,2.823760075011047e-20
3.442085714285806,3.306551735410717e-19,2.9124760435008564e-20
3.442720000000092,2.453139178872523e-19,4.867924082789798e-20
3.4433542857143777,2.9543530707087367e-19,2.6662682769750456e-20
3.4439885714286635,2.1554954675729358e-19,4.00738928081581e-20
3.4446228571429494,2.7157283421535894e-19,3.238201700781566e-20
3.445257142857235,2.640633606081717e-19,3.594424503541826e-20
3.445891428571521,2.451733551656087e-19,3.547237473509548e-20
3.446525714285807,2.5957101238111846e-19,3.2123865218161004e-20
3.4471600000000926,2.761016270626155e-19,3.4694681448354944e-20
3.4477942857143784,3.1294121101960883e-19,4.047332117246307e-20
3.448428571428664,2.6623013565205015e-19,2.898112485682781e-20
3.44906285714295,3.079452332610473e-19,2.7576141277905175e-20
3.449697142857236,2.7796686058149584e-19,2.858187774923708e-20
3.4503314285715216,2.2403141845515005e-19,3.46193741582701e-20
3.4509657142858075,2.8919423676999843e-19,2.7688983035067465e-20
3.4516000000000933,2.9159340986763445e-19,2.370375271903511e-20
3.452234285714379,2.7356982353644326e-19,3.27464104430805e-20
3.452868571428665,3.298422757714596e-19,3.13588364190535e-20
3.4535028571429507,2.5959302449572717e-19,3.6021390018548545e-20
3.4541371428572365,2.2769494944576394e-19,3.975326030093193e-20
3.4547714285715223,2.9991409365133585e-19,2.3951823535560186e-20
3.455405714285808,2.7742790642623898e-19,2.7800150724372606e-20
3.456040000000094,2.9380143092978326e-19,3.2368174247464436e-20
3.4566742857143797,3.0848535653616235e-19,2.6940756493858233e-20
3.4573085714286655,2.5916586634887497e-19,3.5711705137906335e-20
3.4579428571429514,3.2807853564479393e-19,3.672184527408744e-20
3.458577142857237,2.6556347809228997e-19,2.5894342043612414e-20
3.459211428571523,2.9489253282000923e-19,4.657289786780286e-20
3.459845714285809,2.810719331201175e-19,3.2343444264181846e-20
3.4604800000000946,3.1444459371135283e-19,3.041157629421665e-20
3.4611142857143804,3.1882947468210954e-19,3.643637210517726e-20
3.461748571428666,3.057225634492284e-19,2.5737288822824955e-20
3.462382857142952,2.9645397305930283e-19,3.135612577185519e-20
3.463017142857238,3.4282314171202174e-19,3.129474874407877e-20
3.4636514285715236,3.0985978975273103e-19,3.685467736648004e-20
3.4642857142858094,3.3347538846856807e-19,3.485944078815192e-20
3.4649200000000953,2.95796672432559e-19,3.1089114166344904e-20
3.465554285714381,3.201829748625598e-19,2.969982188025172e-20
3.466188571428667,3.3260685522656945e-19,3.416641590142885e-20
3.4668228571429527,3.3050181677421683e-19,2.979968759432431e-20
3.4674571428572385,3.6444000834669773e-19,3.022788634231455e-20
3.4680914285715243,3.3384974938299116e-19,2.819514639572467e-20
3.46872571428581,3.58713821902983e-19,2.931877541603749e-20
3.469360000000096,3.6264118020697657e-19,3.394887584881021e-20
3.4699942857143817,3.3199729230693534e-19,2.950385553117165e-20
3.4706285714286675,3.417319092516257e-19,2.8698599946135036e-20
3.4712628571429534,3.458730223521055e-19,2.6639872241451783e-20
3.471897142857239,3.287492214799085e-19,3.1879563448242506e-20
3.472531428571525,3.284669782104615e-19,3.6650560872974e-20
3.473165714285811,3.813171297657855e-19,2.769745244862955e-20
3.4738000000000966,3.4111814338431675e-19,2.5394186744019706e-20
3.4744342857143824,3.517288125441744e-19,5.666590909788849e-20
3.475068571428668,3.335568414138291e-19,2.721721887295756e-20
3.475702857142954,3.107234234833024e-19,2.5778129461553296e-20
3.47633714285724,2.814066058235408e-19,4.33186001238111e-20
3.4769714285715256,3.204101330393576e-19,3.113628731079249e-20
3.4776057142858114,3.1424958265674327e-19,3.0716127563537306e-20
3.4782400000000973,3.043986296770772e-19,2.942484835508129e-20
3.478874285714383,3.2700366910951664e-19,3.213349376770615e-20
3.479508571428669,3.068301062152603e-19,2.717948434237351e-20
3.4801428571429547,3.2598042810777118e-19,2.9624590138141914e-20
3.4807771428572405,3.1338636645555394e-19,3.636346536959378e-20
3.4814114285715263,3.3465407203739684e-19,2.9848065413230804e-20
3.482045714285812,3.284242928129804e-19,2.6208809768966466e-20
3.482680000000098,3.4316585249189645e-19,3.258627211007412e-20
3.4833142857143837,3.2041026621343146e-19,2.7901504569645946e-20
3.4839485714286695,3.8546386735318024e-19,2.905021582519226e-20
3.4845828571429553,3.184068499891891e-19,2.739752642445936e-20
3.485217142857241,3.3668216625035484e-19,2.5128620240183647e-20
3.485851428571527,3.1630205713446675e-19,2.105332947125939e-20
3.4864857142858128,3.2004013687625874e-19,2.7102158360970896e-20
3.4871200000000986,3.116982070874453e-19,2.967333567232692e-20
3.4877542857143844,2.757162956149427e-19,3.4395404712659165e-20
3.48838857142867,3.6033875022096178e-19,3.8848010723045077e-20
3.489022857142956,3.32934034714366e-19,3.021014296395305e-20
3.489657142857242,3.398659918389952e-19,7.739812325034923e-20
3.4902914285715276,2.742136007079354e-19,3.869603101661704e-20
3.4909257142858134,2.98180463891485e-19,3.98935997521777e-20
3.4915600000000993,3.1346562710332045e-19,3.803849225198309e-20
3.492194285714385,2.7554726876401434e-19,2.9486831744628356e-20
3.492828571428671,2.9532174384604254e-19,3.6240382172643456e-20
3.4934628571429567,3.3727176662597726e-19,3.302006040367091e-20
3.4940971428572425,3.0128071466471972e-19,2.7958053751354697e-20
3.4947314285715283,2.331423493386368e-19,3.176811967899238e-20
3.495365714285814,3.4489328462566923e-19,3.898944207115962e-20
3.4960000000001,3.124844116252647e-19,3.359641375868681e-20
3.4966342857143857,3.1354829316177697e-19,3.373933921450585e-20
3.4972685714286715,2.7301285332185333e-19,3.739784578985505e-20
3.4979028571429573,2.386460774307677e-19,5.068375084658673e-20
3.498537142857243,2.7446820186561386e-19,3.357395875606354e-20
3.499171428571529,2.7391378320461157e-19,3.5238980105583e-20
3.4998057142858148,2.9706218044012e-19,3.569632714760966e-20
3.5004400000001006,3.294257778326515e-19,4.28402645929037e-20
3.5010742857143864,3.075557795947709e-19,3.814734590419793e-20
3.501708571428672,2.9001116341602353e-19,3.7194941038542816e-20
3.502342857142958,3.190006933451055e-19,3.473239017876656e-20
3.502977142857244,3.164962289128718e-19,4.3990968160721297e-20
3.5036114285715296,3.6621297943508726e-19,3.6037204214199845e-20
3.5042457142858154,3.3857019841921533e-19,3.418730461084175e-20
3.5048800000001012,3.451483977903589e-19,5.037665688796151e-20
3.505514285714387,2.6407743698219038e-19,3.088918767353228e-20
3.506148571428673,2.660036098097285e-19,3.4532144957857265e-20
3.5067828571429587,2.888561563081234e-19,5.612415890789902e-20
3.5074171428572445,2.6355813673780963e-19,3.998559250655133e-20
3.5080514285715303,2.97099891025682e-19,2.8875248743370115e-20
3.508685714285816,3.160956593886885e-19,3.46646922847532e-20
3.509320000000102,2.9285287681617667e-19,3.476308747215101e-20
3.5099542857143877,2.8093619610726157e-19,3.6781991393510715e-20
3.5105885714286735,3.0501113070428087e-19,2.5813536522463614e-20
3.5112228571429593,3.186019249242533e-19,3.028332567125435e-20
3.511857142857245,3.3212504595917705e-19,2.994778832149241e-20
3.512491428571531,3.299612679425446e-19,2.2606923927998265e-20
3.5131257142858168,3.3152797443838884e-19,2.906500181844978e-20
3.5137600000001026,3.0053506785099214e-19,3.4546198319600644e-20
3.5143942857143884,3.392524308665811e-19,3.005344148084566e-20
3.515028571428674,3.296348346749407e-19,3.2333845642323285e-20
3.51566285714296,3.1660295008932037e-19,3.1435474083926e-20
3.516297142857246,3.0544058142647397e-19,2.9876436723909925e-20
3.5169314285715316,3.221140524351832e-19,3.628162775307438e-20
3.5175657142858174,2.8857054392728777e-19,3.9160556669183966e-20
3.5182000000001032,3.182733911821212e-19,3.555539680041248e-20
3.518834285714389,3.1971208725744377e-19,3.7786886311515346e-20
3.519468571428675,2.9810015583539683e-19,2.900829010744313e-20
3.5201028571429607,2.848568275177121e-19,3.023484384503379e-20
3.5207371428572465,3.379111582313242e-19,2.782885812058006e-20
3.5213714285715323,3.363308462371061e-19,2.860235156450639e-20
3.522005714285818,3.0747457706155282e-19,4.5709270423209277e-20
3.522640000000104,2.972614612544268e-19,3.0962598445496674e-20
3.5232742857143897,3.3281517778598855e-19,3.1163061487163086e-20
3.5239085714286755,3.4576281944128583e-19,2.9415098056930454e-20
3.5245428571429613,3.197397748360739e-19,2.4530735755133144e-20
3.525177142857247,3.4962264384027807e-19,2.5139815053918864e-20
3.525811428571533,3.8059217081371646e-19,3.247454394153589e-20
3.5264457142858188,3.6321652101969687e-19,2.985067527762581e-20
3.5270800000001046,3.6815164305207756e-19,3.018957811752982e-20
3.5277142857143904,3.024108595057608e-19,3.002972092304119e-20
3.528348571428676,3.172320888139623e-19,3.127373540068153e-20
3.528982857142962,3.5496124852615484e-19,2.452168756248467e-20
3.529617142857248,3.191567307288399e-19,2.935122001248673e-20
3.5302514285715336,2.795006911960364e-19,2.597784392873481e-20
3.5308857142858194,3.50261911407688e-19,2.7095044654486563e-20
3.5315200000001052,3.1696634758430045e-19,2.5441488478106572e-20
3.532154285714391,3.232044436405072e-19,2.9613624775154866e-20
3.532788571428677,3.1093462978567506e-19,1.9975469091186155e-20
3.5334228571429627,3.600473190748536e-19,2.5510245331421085e-20
3.5340571428572485,3.0649109160377346e-19,2.953167772942518e-20
3.5346914285715343,3.146608557782646e-19,3.126823003399672e-20
3.53532571428582,3.422919164745986e-19,2.755375233783374e-20
3.535960000000106,3.7249389411453273e-19,3.003679193111103e-20
3.5365942857143917,3.3676711216047287e-19,2.696972930271799e-20
3.5372285714286775,2.8823911120033374e-19,3.256490647380165e-20
3.5378628571429633,3.1076081199885183e-19,6.14275157483044e-20
3.538497142857249,2.9822825573440976e-19,2.663021421905974e-20
3.539131428571535,3.6073893974863067e-19,3.744292707035936e-20
3.5397657142858208,3.392767879708247e-19,2.4537957934344255e-20
3.5404000000001066,3.403145961111558e-19,4.271751736650652e-20
3.5410342857143924,3.230336013331854e-19,2.937594908522077e-20
3.541668571428678,3.3521561327801853e-19,2.7339656237863367e-20
3.542302857142964,3.526515270358924e-19,2.777409257016113e-20
3.54293714285725,3.6091341250806846e-19,3.000508732749107e-20
3.5435714285715356,3.633758810639972e-19,3.299757119379023e-20
3.5442057142858214,3.808039854076685e-19,3.133332342732798e-20
3.5448400000001072,3.375258763646463e-19,3.368827019552458e-20
3.545474285714393,3.2888601369564686e-19,2.29595076366184e-20
3.546108571428679,3.2330592551425794e-19,2.6011191042218944e-20
3.5467428571429647,2.7510574479976485e-19,2.9231484714596057e-20
3.5473771428572505,3.2836875454976833e-19,2.6809544596463558e-20
3.5480114285715363,3.0005263362014866e-19,2.765755408668914e-20
3.548645714285822,3.625848213890378e-19,3.214761422526572e-20
3.549280000000108,2.7531934514538563e-19,3.0870379315172234e-20
3.5499142857143937,3.25970972686207e-19,2.965310106571699e-20
3.5505485714286795,3.2229694046766277e-19,2.4271745173871215e-20
3.5511828571429653,3.3929400999352336e-19,2.1604075930974452e-20
3.551817142857251,3.380411928876782e-19,3.0443976927969345e-20
3.552451428571537,3.2700220532835147e-19,2.602983396990381e-20
3.5530857142858228,3.2864445434213155e-19,2.5530182280214893e-20
3.5537200000001086,3.3329279563517087e-19,4.1787258420491643e-20
3.5543542857143944,3.5956721351880205e-19,2.90746487815891e-20
3.55498857142868,3.3931386355861283e-19,3.8964048636134297e-20
3.555622857142966,3.326438958642526e-19,2.946664098431955e-20
3.556257142857252,3.3706335108108436e-19,2.8343754846944674e-20
3.5568914285715376,3.414987816582186e-19,2.812860219969538e-20
3.5575257142858234,3.3052053301326165e-19,2.7468354480699486e-20
3.5581600000001092,3.579130978754923e-19,2.8029424242241124e-20
3.558794285714395,3.716211729000064e-19,2.8085004668853615e-20
3.559428571428681,3.7141850455301695e-19,3.2329839944762346e-20
3.5600628571429667,3.41782060886267e-19,2.2681762908683785e-20
3.5606971428572525,3.6027019351016887e-19,3.243678187669838e-20
3.5613314285715383,3.2102977565543786e-19,3.519127088746241e-20
3.561965714285824,3.8811263865761335e-19,3.140013940581038e-20
3.56260000000011,3.273891867667605e-19,3.002246877203952e-20
3.5632342857143957,3.2504418233420436e-19,3.037861763252244e-20
3.5638685714286815,3.465270121340865e-19,2.8733968767493474e-20
3.5645028571429673,3.403111359414418e-19,2.656822155904722e-20
3.565137142857253,3.575100177779892e-19,2.369573063455392e-20
3.565771428571539,3.281895403170976e-19,2.951971219804729e-20
3.5664057142858248,3.878869894285312e-19,2.729529679497255e-20
3.5670400000001106,4.0491747395662864e-19,2.7623014701741145e-20
3.5676742857143964,3.4240336309442633e-19,2.619739417013699e-20
3.568308571428682,4.019508688697736e-19,2.873572822251415e-20
3.568942857142968,3.528919381580012e-19,2.835041558890828e-20
3.569577142857254,4.117318690111624e-19,3.1592883169104356e-20
3.5702114285715396,4.018390337188718e-19,3.1756777744198986e-20
3.5708457142858254,3.588887710208684e-19,5.932491116133956e-20
3.5714800000001112,3.852936528193622e-19,4.4968850912967113e-20
3.572114285714397,3.854323682263994e-19,3.5396045717962275e-20
3.572748571428683,3.8765503622161627e-19,2.8794949170986375e-20
3.5733828571429687,3.250590910369519e-19,2.810697101947181e-20
3.5740171428572545,3.910173417237142e-19,2.75217869575959e-20
3.5746514285715403,3.882251701868003e-19,2.6502287641078942e-20
3.575285714285826,3.8581445404971446e-19,2.3631673781416697e-20
3.575920000000112,3.5398597654175453e-19,2.887746083515362e-20
3.5765542857143977,3.3067851347559884e-19,6.301283903650777e-20
3.5771885714286835,3.4733485249497867e-19,3.29507096190786e-20
3.5778228571429693,4.1103640426726967e-19,3.3624910307299565e-20
3.578457142857255,3.566410979085988e-19,2.887653167237838e-20
3.579091428571541,4.189451693833666e-19,3.229973903194473e-20
3.5797257142858268,4.140020209401541e-19,3.048956156670433e-20
3.5803600000001126,4.026352148279062e-19,3.037099543018365e-20
3.5809942857143984,4.406673026656355e-19,3.144635655237375e-20
3.581628571428684,3.9180646744739273e-19,3.2542345198486155e-20
3.58226285714297,4.368707962499063e-19,3.185312035470288e-20
3.582897142857256,4.291097182992559e-19,2.497229690311366e-20
3.5835314285715416,4.377664447033572e-19,2.865848791922422e-20
3.5841657142858274,4.579017416969799e-19,2.860697090795273e-20
3.5848000000001132,4.816295783851155e-19,3.560926660735632e-20
3.585434285714399,4.506599020733702e-19,2.872988540793726e-20
3.586068571428685,4.864776029088652e-19,3.230756586557842e-20
3.5867028571429707,4.401715767199961e-19,3.288924938241109e-20
3.5873371428572565,4.424638876581296e-19,6.94293610082909e-20
3.5879714285715423,4.455320140099483e-19,2.7142009501764986e-20
3.588605714285828,4.447844179022904e-19,2.7492415235152166e-20
3.589240000000114,4.461070473407963e-19,2.4548274031824984e-20
3.5898742857143997,4.5113576100851515e-19,3.215728210264323e-20
3.5905085714286855,4.313528163492168e-19,3.127428406216947e-20
3.5911428571429713,3.813986006616191e-19,3.768091067014273e-20
3.591777142857257,4.153061130621627e-19,3.2209437162712937e-20
3.592411428571543,4.398306196133269e-19,3.8206644328929824e-20
3.5930457142858288,2.9928081841799936e-19,3.494791660444445e-20
3.5936800000001146,3.9139748609733555e-19,3.099823778842559e-20
3.5943142857144004,4.3210025025583704e-19,3.1922576173683847e-20
3.594948571428686,5.080180262352324e-19,3.0233083498406165e-20
3.595582857142972,4.780435258789802e-19,3.137926893485283e-20
3.596217142857258,4.621839869780376e-19,3.1355853547443304e-20
3.5968514285715436,4.851707254101599e-19,3.361660658330551e-20
3.5974857142858294,5.1487140727459935e-19,2.793927243864568e-20
3.5981200000001152,4.795452975314516e-19,2.987958163499163e-20
3.598754285714401,4.86245525592387e-19,3.5575486049217003e-20
3.599388571428687,4.6359088098962095e-19,3.009116796448406e-20
3.6000228571429727,5.248395790950014e-19,3.095834193321513e-20
3.6006571428572585,4.504971531653192e-19,3.0728172054924674e-20
3.6012914285715443,4.834940813610236e-19,3.182379813121235e-20
3.60192571428583,5.172683588428107e-19,3.235341502179782e-20
3.602560000000116,4.938504480090501e-19,3.030688070931949e-20
3.6031942857144017,4.2357486222689917e-19,4.468497590533282e-20
3.6038285714286875,4.955997365192367e-19,3.082759667266845e-20
3.6044628571429733,4.751371307420697e-19,2.4269100389398995e-20
3.605097142857259,4.515650928418916e-19,4.238730749911443e-20
3.605731428571545,4.98317369827974e-19,3.030128196122892e-20
3.6063657142858307,5.615354560070933e-19,3.242244476023503e-20
3.6070000000001166,4.87293561070271e-19,3.680052160393082e-20
3.6076342857144024,4.674332573853428e-19,2.6286045386641392e-20
3.608268571428688,4.895168189248233e-19,3.598078806344753e-20
3.608902857142974,5.268770233809706e-19,2.733619770678528e-20
3.60953714285726,4.963918281907234e-19,3.1158934402422057e-20
3.6101714285715456,5.714321056523264e-19,2.839310880703421e-20
3.6108057142858314,5.737833577077808e-19,2.8546513344466764e-20
3.6114400000001172,5.149764001506927e-19,2.9464325933231256e-20
3.612074285714403,5.533108252728078e-19,3.275828907071367e-20
3.612708571428689,5.548750257472005e-19,3.471253820238361e-20
3.6133428571429747,5.991528913936386e-19,2.934033696635678e-20
3.6139771428572605,6.101123498929755e-19,3.272551695356758e-20
3.6146114285715463,6.177312973162973e-19,3.1447310780528346e-20
3.615245714285832,6.134458865934268e-19,3.593049127272434e-20
3.615880000000118,5.811614732158274e-19,3.2389195922245094e-20
3.6165142857144037,6.053744158771584e-19,3.2409528286009347e-20
3.6171485714286895,6.586626549447779e-19,3.195748148917269e-20
3.6177828571429753,6.440890627822169e-19,3.2089266878306126e-20
3.618417142857261,6.481925357648123e-19,3.426113466560176e-20
3.619051428571547,7.004780467223242e-19,3.6093016886296646e-20
3.6196857142858327,7.2918328801476e-19,4.402804129945145e-20
3.6203200000001186,7.226242524700011e-19,3.5078045155457315e-20
3.6209542857144044,6.887760242160559e-19,3.2954834596377976e-20
3.62158857142869,6.653872729302342e-19,5.93979045933746e-20
3.622222857142976,7.5970784177450265e-19,3.351877080533274e-20
3.622857142857262,8.133198866687486e-19,3.507697956668304e-20
3.6234914285715476,7.962037323155431e-19,3.2105203416554335e-20
3.6241257142858334,8.313269233863037e-19,3.556114933010933e-20
3.624760000000119,8.289439505813273e-19,3.4668869592092506e-20
3.625394285714405,8.266999428068293e-19,3.7286801407975863e-20
3.626028571428691,8.914346914852183e-19,3.589679500514197e-20
3.6266628571429766,9.065260162612755e-19,4.304051006352705e-20
3.6272971428572625,9.728009202690894e-19,4.0237056838594916e-20
3.6279314285715483,8.96722847528619e-19,3.976997701388104e-20
3.628565714285834,9.564169156955856e-19,3.974710569260507e-20
3.62920000000012,9.529407368012343e-19,4.254298933013254e-20
3.6298342857144057,9.205958861940975e-19,3.5846500597570337e-20
3.6304685714286915,1.0527974947890402e-18,3.7174209071692226e-20
3.6311028571429773,9.744946726434816e-19,4.435515387047715e-20
3.631737142857263,1.137809299432348e-18,4.2545934550565704e-20
3.632371428571549,1.0990358498204667e-18,4.405998909937222e-20
3.6330057142858347,1.0939395797761384e-18,3.6943959655275996e-20
3.6336400000001206,1.1426363173640086e-18,4.585092189422009e-20
3.6342742857144064,1.1913297367084673e-18,4.351605429179342e-20
3.634908571428692,1.1490421199197481e-18,4.286074618614986e-20
3.635542857142978,1.339966130441795e-18,4.4675876200817744e-20
3.636177142857264,1.2759347558513548e-18,4.5630321935925603e-20
3.6368114285715496,1.3281857215312237e-18,4.5236043501216183e-20
3.6374457142858354,1.327238630768011e-18,4.1835899095683553e-20
3.638080000000121,1.3758743017060912e-18,7.472291603558796e-20
3.638714285714407,1.4126577901326954e-18,4.5585496623815453e-20
3.639348571428693,1.2984633412135397e-18,4.8749345719084667e-20
3.6399828571429786,1.401834649581881e-18,4.7584619916690675e-20
3.6406171428572645,1.4436340085619786e-18,4.4007020588723883e-20
3.6412514285715503,1.4470950446778441e-18,4.5321833216823795e-20
3.641885714285836,1.537886116265606e-18,4.4960496603169277e-20
3.642520000000122,1.5386339802315326e-18,4.467030872619584e-20
3.6431542857144077,1.477359095335236e-18,4.643561393294456e-20
3.6437885714286935,1.5865983711808335e-18,4.835135924301108e-20
3.6444228571429793,1.586715599008494e-18,5.131915946928739e-20
3.645057142857265,1.5551189853197998e-18,5.002643263970325e-20
3.645691428571551,1.6526488522792746e-18,4.692111853728502e-20
3.6463257142858367,1.6627862054756219e-18,4.487879047964233e-20
3.6469600000001225,1.6706756875924209e-18,4.355944467792781e-20
3.6475942857144084,1.6240640752335472e-18,4.620397483735244e-20
3.648228571428694,1.6505601422193682e-18,4.4447205474634195e-20
3.64886285714298,1.7538676810298636e-18,4.4259665067922845e-20
3.649497142857266,1.614564661884643e-18,5.257005458895323e-20
3.6501314285715516,1.611356059408659e-18,5.346853363101726e-20
3.6507657142858374,1.6646166466280519e-18,5.794088108058617e-20
3.651400000000123,1.5753072910409219e-18,4.92340977928962e-20
3.652034285714409,1.6224145445689777e-18,4.813138359693262e-20
3.652668571428695,1.579285842511079e-18,5.86924766494845e-20
3.6533028571429806,1.558101882110609e-18,5.1400568590586055e-20
3.6539371428572665,1.5254880979301935e-18,4.326500232168129e-20
3.6545714285715523,1.5212378783993442e-18,6.64360038394386e-20
3.655205714285838,1.4709295931046193e-18,4.2659210504231353e-20
3.655840000000124,1.3994354519087362e-18,4.7565818705981035e-20
3.6564742857144097,1.2766366588579419e-18,6.119857246515866e-20
3.6571085714286955,1.4736670799125534e-18,4.6346158912174976e-20
3.6577428571429813,1.383954153427264e-18,4.47685013863401e-20
3.658377142857267,1.275261924732492e-18,4.0901027078694495e-20
3.659011428571553,1.2707197372996303e-18,4.1800969669181416e-20
3.6596457142858387,1.185987599336901e-18,4.351956726781952e-20
3.6602800000001245,1.1880447721155491e-18,3.950426132806069e-20
3.6609142857144104,1.072353555035004e-18,4.1880811191250246e-20
3.661548571428696,1.017759834177716e-18,3.5133076447505434e-20
3.662182857142982,1.02546179581796e-18,3.926406520888361e-20
3.662817142857268,1.0346665688082216e-18,5.182800405737689e-20
3.6634514285715536,1.0417317955880553e-18,3.798109026439667e-20
3.6640857142858394,9.062651972215223e-19,4.6993012969581525e-20
3.664720000000125,8.829192568220753e-19,3.770209611642941e-20
3.665354285714411,8.835268553583984e-19,4.218636141085075e-20
3.665988571428697,8.718836346823213e-19,3.9382532453709094e-20
3.6666228571429826,7.75665516064008e-19,4.435860504173094e-20
3.6672571428572684,8.556815020589555e-19,3.6002453479220975e-20
3.6678914285715543,8.538603438697587e-19,3.4844498381315937e-20
3.66852571428584,7.813270194053203e-19,3.5856408654577607e-20
3.669160000000126,8.222453442868084e-19,3.6474608249704856e-20
3.6697942857144117,7.642484653196839e-19,3.3029972982832347e-20
3.6704285714286975,8.024590106865622e-19,3.211702677834568e-20
3.6710628571429833,7.452982007955001e-19,3.575927887593517e-20
3.671697142857269,7.626339410721465e-19,4.132281870437624e-20
3.672331428571555,7.2824646341270915e-19,3.614746796716479e-20
3.6729657142858407,6.391886702941747e-19,5.531932016683645e-20
3.6736000000001265,6.457865508459714e-19,3.777659158920232e-20
3.6742342857144124,6.705736624801811e-19,3.284915809740974e-20
3.674868571428698,6.907591395157408e-19,3.8366047914278086e-20
3.675502857142984,6.587060113591808e-19,3.66457591800954e-20
3.67613714285727,6.132472272051275e-19,3.254451493148865e-20
3.6767714285715556,6.110225861580267e-19,4.031556774604589e-20
3.6774057142858414,5.671994623257504e-19,3.240822598117684e-20
3.678040000000127,5.818825690186905e-19,3.7286128321353736e-20
3.678674285714413,5.982349849171398e-19,3.5145825956080556e-20
3.679308571428699,6.315781032519511e-19,3.8631999825962885e-20
3.6799428571429846,5.574672337101973e-19,3.5151731899876273e-20
3.6805771428572704,5.221210470287487e-19,3.367997341346355e-20
3.6812114285715563,5.496024831445992e-19,3.374274616928095e-20
3.681845714285842,5.926330758884757e-19,3.128273611751033e-20
3.682480000000128,5.072804300042268e-19,3.149986057925888e-20
3.6831142857144137,4.680892426204905e-19,3.025456817967104e-20
3.6837485714286995,5.124750429423775e-19,3.512949906699856e-20
3.6843828571429853,5.066913747063367e-19,3.0796224656806716e-20
3.685017142857271,4.3112803659315444e-19,2.8908769978992114e-20
3.685651428571557,5.058013627957304e-19,3.174373516500657e-20
3.6862857142858427,4.591671948709908e-19,2.5522070973189033e-20
3.6869200000001285,4.544729104349614e-19,3.095388626388788e-20
3.6875542857144143,4.726940589491427e-19,3.228326840028464e-20
3.6881885714287,4.333016832577761e-19,3.1024243497357146e-20
3.688822857142986,4.810012428202079e-19,3.3313646286922206e-20
3.6894571428572718,4.484050043989078e-19,2.6061602110794844e-20
3.6900914285715576,3.164767446346104e-19,6.286486828410133e-20
3.6907257142858434,4.3211265918403532e-19,3.37946070530601e-20
3.691360000000129,4.626230264758632e-19,3.227983025415809e-20
3.691994285714415,3.8095690326144137e-19,3.716058015854456e-20
3.692628571428701,4.750959358141645e-19,3.6756869553389746e-20
3.6932628571429866,4.472616485970806e-19,2.719400869898369e-20
3.6938971428572724,4.480196139861165e-19,3.804695475778003e-20
3.6945314285715583,4.55135292739974e-19,2.540183155832087e-20
3.695165714285844,4.194644720025449e-19,2.6270053710009472e-20
3.69580000000013,3.915956549578201e-19,3.534291107075301e-20
3.6964342857144157,3.6784480173053926e-19,3.655883928675957e-20
3.6970685714287015,3.6318829654518616e-19,4.0877699827002916e-20
3.6977028571429873,3.774258626153241e-19,3.6379693542155354e-20
3.698337142857273,3.9262092318950916e-19,3.593406116391635e-20
3.698971428571559,3.485853929524252e-19,3.592140059032726e-20
3.6996057142858447,3.1951990821267917e-19,3.744685766591328e-20
3.7002400000001305,4.40760038316248e-19,3.8204466124052204e-20
3.7008742857144163,3.2333915670626257e-19,2.6414087754018187e-20
3.701508571428702,4.0241548916368773e-19,2.798257155855955e-20
3.702142857142988,4.0758333240914597e-19,3.31256666987557e-20
3.7027771428572738,3.7017150558315194e-19,2.943456573783302e-20
3.7034114285715596,3.673151276674759e-19,3.088101893603864e-20
3.7040457142858454,3.816054822366899e-19,2.5283391405593654e-20
3.704680000000131,4.158207911298147e-19,2.639175577855083e-20
3.705314285714417,3.5351453165129434e-19,2.6950567317710885e-20
3.705948571428703,3.31023366157763e-19,2.6059698673934914e-20
3.7065828571429886,3.5847207178362754e-19,2.9309325282596123e-20
3.7072171428572744,3.444106038571392e-19,4.077601987172024e-20
3.7078514285715602,3.7695516525303626e-19,3.067363384629017e-20
3.708485714285846,3.4077566767186706e-19,3.1063331276365766e-20
3.709120000000132,2.756632232296606e-19,4.1232311355502344e-20
3.7097542857144177,3.646204498470339e-19,2.9026083544928966e-20
3.7103885714287035,3.4598656986419055e-19,2.0405619303879793e-20
3.7110228571429893,4.0993256624868134e-19,2.934666403254295e-20
3.711657142857275,3.4364626898355404e-19,3.344568395059788e-20
3.712291428571561,3.817461514830136e-19,3.263844712816246e-20
3.7129257142858467,3.593491794277598e-19,2.9934074495279114e-20
3.7135600000001325,2.8989327486607784e-19,3.97837822503215e-20
3.7141942857144183,3.1509703812638555e-19,3.2535657377377646e-20
3.714828571428704,3.6521287546009293e-19,2.927533458761201e-20
3.71546285714299,3.4860598523653525e-19,2.2517391112477298e-20
3.7160971428572758,3.5677758075615637e-19,3.170352861926272e-20
3.7167314285715616,3.326980640905847e-19,2.712816609385663e-20
3.7173657142858474,3.5049865993199774e-19,2.6568270603852293e-20
3.718000000000133,3.6500131448416406e-19,3.1363203586340936e-20
3.718634285714419,3.289982756083082e-19,3.470250874211193e-20
3.719268571428705,3.456421925173627e-19,2.8965536932943344e-20
3.7199028571429906,3.3120383340771086e-19,3.1932742569219316e-20
3.7205371428572764,3.5675017059389903e-19,2.7706130100542436e-20
3.7211714285715622,3.37250807478876e-19,2.5339585750000344e-20
3.721805714285848,3.7823050499148283e-19,2.6558574572925564e-20
3.722440000000134,3.2895711101213955e-19,3.6704037527549794e-20
3.7230742857144197,3.59421459856354e-19,3.443380455550285e-20
3.7237085714287055,3.096066143496565e-19,4.335059176681117e-20
3.7243428571429913,3.2219011945802783e-19,3.2310094577719415e-20
3.724977142857277,3.2484126726116965e-19,3.199873524183121e-20
3.725611428571563,3.5352502590890366e-19,2.98019553952309e-20
3.7262457142858487,2.487199560803526e-19,2.5061382872378106e-20
3.7268800000001345,3.544095254836354e-19,5.430484467661051e-20
3.7275142857144203,3.89330095369793e-19,3.066417214606064e-20
3.728148571428706,3.1659437285732423e-19,3.227582323078839e-20
3.728782857142992,3.495457499208614e-19,2.741347188987266e-20
3.7294171428572778,3.6151662391319127e-19,3.0369171678157244e-20
3.7300514285715636,2.9012966580780793e-19,2.833273472562782e-20
3.7306857142858494,3.406447834092367e-19,2.663995651308101e-20
3.731320000000135,3.328965647136022e-19,2.364587985200253e-20
3.731954285714421,3.1970942271517974e-19,2.1793088372751264e-20
3.732588571428707,2.6339304473864178e-19,2.82615533316405e-20
3.7332228571429926,3.33269293632123e-19,2.8352957285981045e-20
3.7338571428572784,3.1909881156155366e-19,2.732507769802035e-20
3.7344914285715642,2.841393457592777e-19,1.8735273603933166e-20
3.73512571428585,2.882697536239159e-19,3.008945067298353e-20
3.735760000000136,2.808485003566829e-19,3.058257938148837e-20
3.7363942857144217,3.42297662411998e-19,2.914902795591576e-20
3.7370285714287075,3.3862239567846607e-19,2.9260945068019645e-20
3.7376628571429933,2.86002992930357e-19,2.4309414285573294e-20
3.738297142857279,3.398606540140852e-19,2.6520464608902958e-20
3.738931428571565,3.0565411743895325e-19,2.460692652624279e-20
3.7395657142858507,3.001290002898793e-19,2.3247521197560513e-20
3.7402000000001365,2.950835379100785e-19,2.7482857071104896e-20
3.7408342857144223,2.9463247444355346e-19,3.047366761679913e-20
3.741468571428708,2.7811873958583387e-19,3.7936362334566295e-20
3.742102857142994,2.252410471565876e-19,4.573932372561115e-20
3.7427371428572798,2.6836414849528186e-19,4.9760809245262463e-20
3.7433714285715656,2.4249377667503466e-19,4.125675976105632e-20
3.7440057142858514,3.3394465152563123e-19,3.8660365227250876e-20
3.744640000000137,3.252054166909515e-19,3.2314434794212205e-20
3.745274285714423,2.935956732468103e-19,3.4243187523840205e-20
3.745908571428709,3.0688111121448162e-19,4.8990957549189135e-20
3.7465428571429946,2.7618376886888577e-19,2.847453490553833e-20
3.7471771428572804,3.0187583360679524e-19,3.770587541521127e-20
3.7478114285715662,3.0914759861834e-19,2.7714782890032306e-20
3.748445714285852,2.6575123506362016e-19,2.5983257962700246e-20
3.749080000000138,3.096454280113849e-19,2.4783026541910686e-20
3.7497142857144237,3.2049084320107784e-19,3.366983577723469e-20
3.7503485714287095,3.4248235395088503e-19,2.3112765475855533e-20
3.7509828571429953,2.700458836177972e-19,2.6337471823455196e-20
3.751617142857281,2.802548430363533e-19,2.5359097557150925e-20
3.752251428571567,3.124560669374388e-19,2.3054306913350404e-20
3.7528857142858527,2.808402310560366e-19,2.4838628252001628e-20
3.7535200000001385,3.1065328446996463e-19,2.771384256714176e-20
3.7541542857144243,2.6229685089823564e-19,2.6216714035370615e-20
3.75478857142871,2.269510780971546e-19,2.1753712225487792e-20
3.755422857142996,2.862071376088357e-19,2.7635227523485537e-20
3.7560571428572818,3.1001564467357017e-19,3.2675040235404625e-20
3.7566914285715676,2.9418417429617675e-19,2.4494287118480373e-20
3.7573257142858534,2.7041097100650687e-19,2.93150956299007e-20
3.757960000000139,2.46052010153752e-19,2.803561258563742e-20
3.758594285714425,1.3628919560228615e-19,2.8007686245796045e-20
3.759228571428711,3.097710273891308e-19,3.3702116718956135e-20
3.7598628571429966,2.594957908522588e-19,3.251738515409711e-20
3.7604971428572824,3.008596078845695e-19,2.7256547836412343e-20
3.7611314285715682,2.6949063705274206e-19,3.281045996159829e-20
3.761765714285854,2.9180644527105693e-19,2.695127371640747e-20
3.76240000000014,2.9173719308039092e-19,4.380945228659014e-20
3.7630342857144257,2.713715419439724e-19,3.0525879065175164e-20
3.7636685714287115,2.9168599478753445e-19,4.542070920186734e-20
3.7643028571429973,3.092963723259013e-19,2.4480555852810563e-20
3.764937142857283,2.7028589355991674e-19,2.912777232304519e-20
3.765571428571569,2.790349853429153e-19,3.213850796115468e-20
3.7662057142858547,2.98402111072948e-19,2.5351757594137914e-20
3.7668400000001405,2.9855712231030506e-19,3.753396540861268e-20
3.7674742857144263,3.1571491006573804e-19,5.81131673887359e-20
3.768108571428712,3.204282699304942e-19,3.049944705954658e-20
3.768742857142998,2.36693736055835e-19,3.4379154234306364e-20
3.7693771428572838,3.0510526504352735e-19,3.3163109397122685e-20
3.7700114285715696,2.77316212940438e-19,2.4082294539993483e-20
3.7706457142858554,2.920584222692486e-19,2.4371141260570634e-20
3.771280000000141,2.803427427088556e-19,3.412952540835234e-20
3.771914285714427,2.8023758592773432e-19,2.5347465254410198e-20
3.772548571428713,2.9281623311308427e-19,2.7613344527654875e-20
3.7731828571429986,2.758501359826596e-19,2.4420800795580624e-20
3.7738171428572844,2.7495708215614694e-19,2.793402560160195e-20
3.7744514285715702,3.0450898473472666e-19,2.7183664178654984e-20
3.775085714285856,2.9290683993410467e-19,3.1263103814681566e-20
3.775720000000142,2.357399491522591e-19,2.6293598062084e-20
3.7763542857144277,3.017196609730546e-19,3.0389103131960045e-20
3.7769885714287135,2.715307192189336e-19,3.0311104040547684e-20
3.7776228571429993,2.8866607722936903e-19,3.452648978415154e-20
3.778257142857285,2.6280642133209333e-19,2.3464110359304687e-20
3.778891428571571,2.6583218275254633e-19,3.006934003342726e-20
3.7795257142858567,2.4731202934336366e-19,3.408743965099955e-20
3.7801600000001425,3.0709800663210756e-19,3.206693373990597e-20
3.7807942857144283,2.577699943423356e-19,2.4023906752597065e-20
3.781428571428714,3.0760011485168583e-19,2.247487286867917e-20
3.782062857143,2.232972278453752e-19,4.528155064459987e-20
3.7826971428572858,2.6519287659439883e-19,2.327994871403871e-20
3.7833314285715716,2.6340498680225223e-19,3.622112031049047e-20
3.7839657142858574,2.442167041615757e-19,2.5731373353552254e-20
3.784600000000143,2.526816845116671e-19,2.915765703007228e-20
3.785234285714429,2.603851761476293e-19,2.3600058211470182e-20
3.785868571428715,2.7201175215395925e-19,2.906386804694268e-20
3.7865028571430006,2.839633054476388e-19,3.0498871444413e-20
3.7871371428572864,2.1948400939307434e-19,2.4707229167027852e-20
3.7877714285715722,2.3721787021890416e-19,3.297739683794778e-20
3.788405714285858,2.518804291628491e-19,2.820772143929041e-20
3.789040000000144,2.5758651917207083e-19,2.470266279465019e-20
3.7896742857144297,3.146098940336003e-19,2.7780822734469567e-20
3.7903085714287155,2.604508774722482e-19,3.447264973260677e-20
3.7909428571430013,3.065919426574362e-19,2.6307296938962536e-20
3.791577142857287,2.722171980063764e-19,2.914473303066016e-20
3.792211428571573,2.9957146668135455e-19,1.9806526328791743e-20
3.7928457142858587,2.676049470777443e-19,3.016025829618165e-20
3.7934800000001445,2.4034964666994457e-19,2.5473398297305047e-20
3.7941142857144303,2.638697928909876e-19,2.6076795814447183e-20
3.794748571428716,2.9386202674745667e-19,3.2169593455530066e-20
3.795382857143002,2.611654877022123e-19,2.4557385521373836e-20
3.7960171428572878,2.622832712939294e-19,3.2058314019953214e-20
3.7966514285715736,2.9867517771591927e-19,3.9863213450942567e-20
3.7972857142858594,2.8364406294833173e-19,4.0611701332833285e-20
3.797920000000145,2.8879826279763307e-19,3.6292990217355776e-20
3.798554285714431,2.6377965572346564e-19,3.14976509868901e-20
3.799188571428717,2.7555607812117457e-19,2.55705231072731e-20
3.7998228571430026,2.995781348625573e-19,2.2761933097949094e-20
3.8004571428572884,3.099815706124841e-19,3.9075842407824953e-20
3.8010914285715742,2.8935851914972873e-19,2.794345657622272e-20
3.80172571428586,1.8072727614690856e-19,3.771850213082093e-20
3.802360000000146,2.6944780587246994e-19,2.9960322525589596e-20
3.8029942857144317,3.268662787200142e-19,2.860717149414393e-20
3.8036285714287175,2.25505964501305e-19,2.2694495892522747e-20
3.8042628571430033,2.6548520568048778e-19,2.7533339375146823e-20
3.804897142857289,2.700558190398778e-19,2.915612497162984e-20
3.805531428571575,2.687254143437375e-19,2.5018320265202924e-20
3.8061657142858607,3.167824150755851e-19,2.913990608247625e-20
3.8068000000001465,2.5369579035969894e-19,2.568998711573423e-20
3.8074342857144323,2.7145625748772514e-19,2.7833306107746854e-20
3.808068571428718,3.1704637789789273e-19,2.966281912054286e-20
3.808702857143004,2.496042813186163e-19,2.9263699766866016e-20
3.8093371428572897,2.548924138688534e-19,2.6270055022046716e-20
3.8099714285715756,2.7125750218899787e-19,2.9862117183995727e-20
3.8106057142858614,2.442989065033033e-19,3.137479624318648e-20
3.811240000000147,2.7672168298710876e-19,2.900879484294853e-20
3.811874285714433,2.896524865681732e-19,2.550624378330867e-20
3.812508571428719,2.9008802155754057e-19,3.099532453363539e-20
3.8131428571430046,2.5493937717440084e-19,2.6406439697246887e-20
3.8137771428572904,2.6672083657753006e-19,3.643997558761794e-20
3.8144114285715762,2.582086990990689e-19,2.782661180510172e-20
3.815045714285862,2.8981625579568216e-19,3.305250984534526e-20
3.815680000000148,2.5692937122496224e-19,2.5719986640955468e-20
3.8163142857144337,2.772055878322073e-19,2.3492999442497875e-20
3.8169485714287195,2.675631848285213e-19,2.7793436154402694e-20
3.8175828571430053,2.666839006134781e-19,3.1434327215297967e-20
3.818217142857291,2.240451106997654e-19,2.7994935750581867e-20
3.818851428571577,2.5584218267748286e-19,2.4225174124978546e-20
3.8194857142858627,2.7990526997468365e-19,2.2334971978827492e-20
3.8201200000001485,2.7588543839842503e-19,2.9502905776971365e-20
3.8207542857144343,3.3613878182660905e-19,5.133265434933349e-20
3.82138857142872,2.352768291954313e-19,2.5118983216416386e-20
3.822022857143006,2.5060636132184115e-19,3.866997442768934e-20
3.8226571428572917,2.464780823606968e-19,2.5263818025454e-20
3.8232914285715776,2.551770832008344e-19,3.0779690033654277e-20
3.8239257142858634,3.043665159240172e-19,3.303438427495551e-20
3.824560000000149,2.966184433883122e-19,2.0228885374679605e-20
3.825194285714435,2.6713633034288885e-19,2.857656460994739e-20
3.825828571428721,2.845319979841017e-19,2.487592778858319e-20
3.8264628571430066,2.390395882988357e-19,2.4315621685801743e-20
3.8270971428572924,2.403299684385279e-19,1.971401191300567e-20
3.827731428571578,2.296971884701637e-19,2.852536697842922e-20
3.828365714285864,2.803504203815576e-19,2.446456117415076e-20
3.82900000000015,2.205102306117005e-19,2.0026485558229328e-20
3.8296342857144356,2.704956845409541e-19,2.4001082768007176e-20
3.8302685714287215,2.3045683446453396e-19,2.789096550958898e-20
3.8309028571430073,2.2019917214296627e-19,3.00285952363145e-20
3.831537142857293,2.8255702432877e-19,2.7780038710073733e-20
3.832171428571579,2.6513581646215124e-19,3.474800625909399e-20
3.8328057142858647,2.257514447051223e-19,3.4257191505929325e-20
3.8334400000001505,1.8502031807824183e-19,3.31674215989204e-20
3.8340742857144363,2.0278119610427015e-19,3.351136986085538e-20
3.834708571428722,2.7081604266043533e-19,4.5893581400448924e-20
3.835342857143008,2.3478413632544615e-19,3.4242252124842893e-20
3.8359771428572937,2.3544987054610253e-19,4.014963299347629e-20
3.8366114285715796,2.4648833268495008e-19,2.89465116032299e-20
3.8372457142858654,2.5905119034307736e-19,3.1314355547097505e-20
3.837880000000151,2.727214948038727e-19,2.3924528186039243e-20
3.838514285714437,2.7144954698029113e-19,2.3625278312514238e-20
3.839148571428723,3.1473236625031103e-19,5.413399418437958e-20
3.8397828571430086,2.776369568658758e-19,2.7585589880473055e-20
3.8404171428572944,2.3760308912297297e-19,2.1773440117188126e-20
3.84105142857158,2.431169752889921e-19,5.624833667643194e-20
3.841685714285866,2.66284263840575e-19,2.712277984464023e-20
3.842320000000152,2.2880105661054176e-19,2.5022172237571195e-20
3.8429542857144376,2.8854738173051076e-19,3.219578324380578e-20
3.8435885714287235,2.664671933021683e-19,2.761395559713678e-20
3.8442228571430093,2.975808969246727e-19,3.4811219542884895e-20
3.844857142857295,2.817414571793656e-19,2.938722105330193e-20
3.845491428571581,2.1813102297140245e-19,2.6323504821002482e-20
3.8461257142858667,2.863406553472252e-19,2.5848647544664223e-20
3.8467600000001525,3.127117580385697e-19,2.3366080466213988e-20
3.8473942857144383,2.537338545990117e-19,2.936457901131423e-20
3.848028571428724,2.4243845822965833e-19,3.123584241106612e-20
3.84866285714301,2.18800498677649e-19,2.528722263311146e-20
3.8492971428572957,2.584696181662318e-19,2.6612505334929322e-20
3.8499314285715815,2.6090155809750644e-19,3.314334858605621e-20
3.8505657142858674,2.4750634865845324e-19,2.9381563729111703e-20
3.851200000000153,2.597869194777988e-19,3.295679616256747e-20
3.851834285714439,2.1461899861441947e-19,3.9543368514979426e-20
3.852468571428725,2.8078981329379874e-19,3.1805860636793683e-20
3.8531028571430106,2.377454958957533e-19,4.0502854449575786e-20
3.8537371428572964,2.5488046294375165e-19,2.6864146077301245e-20
3.854371428571582,2.69085183334933e-19,2.6925759033291977e-20
3.855005714285868,2.3128028077768164e-19,2.3258462038096304e-20
3.855640000000154,2.3788534763979833e-19,2.843663106908823e-20
3.8562742857144396,2.615213653800129e-19,2.826084666567039e-20
3.8569085714287255,2.251506726418596e-19,2.4232371707244775e-20
3.8575428571430113,2.4041411052901444e-19,2.335249902940768e-20
3.858177142857297,2.8853256786195246e-19,2.330112342069155e-20
3.858811428571583,1.9687062489560016e-19,2.5427664430628753e-20
3.8594457142858687,2.1738564968001376e-19,3.5844458976606543e-20
3.8600800000001545,2.1014209917772453e-19,6.240575116829773e-20
3.8607142857144403,1.9138947719780063e-19,4.4213815012146104e-20
3.861348571428726,2.798067394410163e-19,4.349050702540676e-20
3.861982857143012,2.8788115334158254e-19,3.7621871102962844e-20
3.8626171428572977,2.34798204904143e-19,2.4781797945930997e-20
3.8632514285715835,2.759783089925223e-19,3.712606804704716e-20
3.8638857142858694,2.74935289136914e-19,2.842341210703501e-20
3.864520000000155,2.6028160166394052e-19,2.6202396340585143e-20
3.865154285714441,2.490768207380417e-19,2.6892921945128237e-20
3.865788571428727,3.018358938805953e-19,2.617560631800337e-20
3.8664228571430126,2.335589728996743e-19,2.2948838327823146e-20
3.8670571428572984,2.355528312129219e-19,2.3146641445659647e-20
3.867691428571584,2.526080554086141e-19,2.46311276061318e-20
3.86832571428587,2.391144477911394e-19,2.5267531275922344e-20
3.868960000000156,2.686692769210017e-19,2.723818620565869e-20
3.8695942857144416,2.8487824613375746e-19,2.899290543216776e-20
3.8702285714287274,2.5405222871240264e-19,2.778922789733126e-20
3.8708628571430133,2.4768825512801853e-19,3.1410662830692006e-20
3.871497142857299,2.2152849928223845e-19,2.2913393854184566e-20
3.872131428571585,2.1670510550424672e-19,2.56954316804973e-20
3.8727657142858707,2.401379800286485e-19,3.103016639523744e-20
3.8734000000001565,2.8060812168807934e-19,2.4644196094438847e-20
3.8740342857144423,2.8859888317547186e-19,2.7409136875589917e-20
3.874668571428728,2.5251523447015934e-19,2.754649716844408e-20
3.875302857143014,2.509989597841358e-19,2.1480696881033557e-20
3.8759371428572997,2.61276415222323e-19,3.231756046520272e-20
3.8765714285715855,2.8174631344863604e-19,2.6918631927875328e-20
3.8772057142858714,2.266834422656649e-19,2.534640829924338e-20
3.877840000000157,2.590477294550025e-19,2.786312915227977e-20
3.878474285714443,2.9113411976549246e-19,2.676909796283274e-20
3.879108571428729,2.662277473270997e-19,3.3260996404353283e-20
3.8797428571430146,3.6155799335389874e-19,7.992474093079793e-20
3.8803771428573004,1.4427641917212127e-19,1.4660737451379592e-19
3.881011428571586,5.060008819182143e-19,1.3121334843174836e-19
3.881645714285872,2.2511397082202606e-19,1.2791234942503719e-19
3.882280000000158,2.9470132446114854e-19,3.0381804959069505e-20
3.8829142857144436,2.7454056691244253e-19,2.95574459972735e-20
3.8835485714287294,2.353690155096122e-19,2.647919435962311e-20
3.8841828571430153,2.625412584066757e-19,2.895244000593469e-20
3.884817142857301,2.834374349021993e-19,2.416814820932751e-20
3.885451428571587,2.220750860439938e-19,2.8031469984646905e-20
3.8860857142858727,2.594222743868513e-19,2.131282988167017e-20
3.8867200000001585,2.6035755033933666e-19,2.520878020324666e-20
3.8873542857144443,3.040013682642308e-19,2.781270974612419e-20
3.88798857142873,2.481458973824806e-19,2.75497994402132e-20
3.888622857143016,2.758338189554248e-19,2.8672841956782344e-20
3.8892571428573017,2.507415246990232e-19,2.5836360173481548e-20
3.8898914285715875,2.522212218520977e-19,3.1902786592940625e-20
3.8905257142858733,2.6882329464601745e-19,1.8469577527947163e-20
3.891160000000159,2.271413844916572e-19,2.8601386448466065e-20
3.891794285714445,2.7094339447452794e-19,2.582869131360008e-20
3.8924285714287308,2.222420062354387e-19,2.901372734502636e-20
3.8930628571430166,2.691015565916389e-19,2.6903356059050298e-20
3.8936971428573024,2.4308975499259824e-19,2.5326037477701997e-20
3.894331428571588,2.530386705926124e-19,1.8123250013200263e-20
3.894965714285874,2.710158730017943e-19,2.7067080761586718e-20
3.89560000000016,2.5223832523162656e-19,2.927070038454542e-20
3.8962342857144456,2.6635490178026673e-19,2.3762638561441267e-20
3.8968685714287314,2.928399608764537e-19,2.243307017867332e-20
3.8975028571430173,2.791512529232101e-19,2.820177993460976e-20
3.898137142857303,2.4731395876403306e-19,2.7021460228699263e-20
3.898771428571589,2.5888759178349843e-19,2.7142805340986154e-20
3.8994057142858747,2.5031288173399787e-19,2.6142112895967802e-20
3.9000400000001605,2.1033082116288966e-19,3.7274543687647e-20
3.9006742857144463,2.803721195366649e-19,3.169570544692946e-20
3.901308571428732,2.5741033497723044e-19,3.834241633590607e-20
3.901942857143018,2.911169393174579e-19,2.2666926005220128e-20
3.9025771428573037,2.4013002339775477e-19,2.783861362989738e-20
3.9032114285715895,2.0732286886814234e-19,3.4501928708872287e-20
3.9038457142858753,2.772319483186507e-19,2.6799329227694246e-20
3.904480000000161,2.630699919181534e-19,2.2984790827999704e-20
3.905114285714447,3.0008480856693813e-19,3.327714950484778e-20
3.9057485714287328,2.4380850546598273e-19,2.4740965571931484e-20
3.9063828571430186,3.002064931820109e-19,3.2738651566796085e-20
3.9070171428573044,3.044289341724525e-19,2.5633073031932887e-20
3.90765142857159,3.1185055707226596e-19,3.207606995193267e-20
3.908285714285876,3.1228659091925836e-19,2.9176328219137326e-20
3.908920000000162,2.2545974248801125e-19,3.0337432324852445e-20
3.9095542857144476,2.618852604275369e-19,2.488555252769327e-20
3.9101885714287334,2.7700227279263725e-19,3.176122685377861e-20
3.9108228571430192,2.4272981752270006e-19,2.197237267004755e-20
3.911457142857305,2.5679908466184206e-19,3.3401632738303006e-20
3.912091428571591,2.62607209079869e-19,2.2697375333757925e-20
3.9127257142858767,3.0297484227263036e-19,3.4331085874818706e-20
3.9133600000001625,3.192051605568378e-19,3.093687443600417e-20
3.9139942857144483,2.5624053559851744e-19,3.02368596931482e-20
3.914628571428734,2.759770615512449e-19,2.6824698026878443e-20
3.91526285714302,2.4363973163704766e-19,2.5489014713137452e-20
3.9158971428573057,2.6255390576380955e-19,2.223573285206288e-20
3.9165314285715915,3.095763308649335e-19,2.902124486607776e-20
3.9171657142858773,6.496474933068141e-20,4.372633732752278e-20
3.917800000000163,2.7619771186889476e-19,3.142610702643823e-20
3.918434285714449,2.6684505206365695e-19,2.76477656899334e-20
3.9190685714287348,2.9952846837750063e-19,3.3117364162884884e-20
3.9197028571430206,2.428001079819699e-19,2.9386931414952646e-20
3.9203371428573064,2.8703750794945595e-19,2.5387047755210316e-20
3.920971428571592,2.6302221887532233e-19,2.7550892300684915e-20
3.921605714285878,2.9987349243833197e-19,2.3997782437559795e-20
3.922240000000164,2.8247094226199653e-19,2.9412319990162244e-20
3.9228742857144496,2.458482454865789e-19,2.6210096224411755e-20
3.9235085714287354,2.7121010207102403e-19,9.203380265854931e-20
3.9241428571430212,2.51929819110977e-19,3.006136554243869e-20
3.924777142857307,2.233918871298083e-19,2.948145192462858e-20
3.925411428571593,2.6389490026500946e-19,3.1372080283521146e-20
3.9260457142858787,2.8540571831724945e-19,2.648794993072701e-20
3.9266800000001645,2.932735526905522e-19,2.442854929738018e-20
3.9273142857144503,3.1905628404136473e-19,3.73093913188582e-20
3.927948571428736,2.700522858791143e-19,3.2623626770553954e-20
3.928582857143022,2.5371347880440093e-19,2.396054882445472e-20
3.9292171428573077,2.535034545013205e-19,2.737919872904251e-20
3.9298514285715935,2.544972917483846e-19,2.4920179634695737e-20
3.9304857142858793,3.0277903012292954e-19,3.4639483236500447e-20
3.931120000000165,2.911281543856802e-19,3.5092186109177324e-20
3.931754285714451,2.8339069998419774e-19,2.8354308315893534e-20
3.9323885714287368,2.6449033455919105e-19,2.4309813397611245e-20
3.9330228571430226,2.670166039156741e-19,2.4976825520442597e-20
3.9336571428573084,2.744465927041032e-19,2.614792672382116e-20
3.934291428571594,3.1428450773149645e-19,2.837556777537535e-20
3.93492571428588,3.177576298027312e-19,4.056407240293012e-20
3.935560000000166,2.955038864106634e-19,2.924812869855516e-20
3.9361942857144516,2.407681434034823e-19,3.71420246901296e-20
3.9368285714287374,2.9990970893252383e-19,3.07972500252454e-20
3.9374628571430232,2.893845821898558e-19,2.9639278135602605e-20
3.938097142857309,3.0260199545528264e-19,3.087429754869442e-20
3.938731428571595,9.954967226702637e-20,1.9040697851565062e-19
3.9393657142858807,2.4205948642116167e-19,3.857949696000031e-20
3.9400000000001665,2.7533439586909493e-19,2.2416021178039502e-20
3.9406342857144523,2.7899642549298676e-19,3.44189688945881e-20
3.941268571428738,2.910845362860368e-19,2.534539340048226e-20
3.941902857143024,2.6349359494266927e-19,2.864747502377702e-20
3.9425371428573097,2.9023836382855183e-19,2.8856990494902475e-20
3.9431714285715955,2.250025428610273e-19,2.4752603137070562e-20
3.9438057142858813,2.1554339192134434e-19,3.4528678661605706e-20
3.944440000000167,2.7941877914074176e-19,2.62428643145209e-20
3.945074285714453,2.6708975992432144e-19,2.6184656256519105e-20
3.9457085714287388,1.994869299538545e-19,3.4227883691125707e-20
3.9463428571430246,2.5002624334604504e-19,2.924534209305657e-20
3.9469771428573104,2.583678166459208e-19,3.208152692726116e-20
3.947611428571596,2.885007475890618e-19,2.810309313765392e-20
3.948245714285882,2.1601312379166028e-19,2.830190144717129e-20
3.948880000000168,2.3166992571171506e-19,2.87131022136483e-20
3.9495142857144536,2.84659175890877e-19,2.8692309965962375e-20
3.9501485714287394,2.2811773255155885e-19,2.6679002013799317e-20
3.9507828571430252,2.470976868844218e-19,2.8286597973557263e-20
3.951417142857311,2.981555009592722e-19,2.583244630748982e-20
3.952051428571597,2.7473682479325836e-19,2.748618338002407e-20
3.9526857142858827,2.601710023247024e-19,2.1817938793713587e-20
3.9533200000001685,3.193432496757914e-19,2.4286402059931202e-20
3.9539542857144543,2.6647976561935526e-19,2.5233175861926396e-20
3.95458857142874,2.145973711325473e-19,2.817195578995472e-20
3.955222857143026,2.6053769580123215e-19,2.7564458638345747e-20
3.9558571428573117,2.4883713260431435e-19,3.166858070719897e-20
3.9564914285715975,2.883417827121276e-19,3.1969266907092554e-20
3.9571257142858833,2.0746530900977047e-19,2.618824462545494e-20
3.957760000000169,2.685196526977698e-19,2.910601991614838e-20
3.958394285714455,2.776371697719715e-19,2.819767686170159e-20
3.9590285714287408,2.3187710216707037e-19,4.1294682948526377e-20
3.9596628571430266,2.5532786596779847e-19,2.796399262892073e-20
3.9602971428573124,2.2069349673461154e-19,2.779354176526649e-20
3.960931428571598,2.3603795086459387e-19,2.3385666030678747e-20
3.961565714285884,2.0037198041968733e-19,3.0896754086360156e-20
3.96220000000017,2.758095736549106e-19,2.622509130188648e-20
3.9628342857144556,2.1535204290964442e-19,2.5793658869154494e-20
3.9634685714287414,2.415851710410582e-19,2.5353202665509675e-20
3.9641028571430272,2.6381344251663596e-19,3.4182676099985056e-20
3.964737142857313,2.309493399106041e-19,2.8959027631025144e-20
3.965371428571599,2.4404094854518826e-19,2.1359576529793953e-20
3.9660057142858847,2.5066359993700026e-19,2.0902359265459517e-20
3.9666400000001705,3.425335078894572e-19,4.952369051387662e-20
3.9672742857144563,2.4877656420108654e-19,2.535150135630426e-20
3.967908571428742,2.3611816942087144e-19,2.6129523510756207e-20
3.968542857143028,2.3038541176344217e-19,2.6294562182453352e-20
3.9691771428573137,2.3024194638448564e-19,2.4817949331066728e-20
3.9698114285715995,2.3664088239902344e-19,1.7553060554647698e-20
3.9704457142858853,2.361954461600336e-19,2.1040941977270738e-20
3.971080000000171,2.257635943007975e-19,2.7494486677730663e-20
3.971714285714457,2.1056675779515541e-19,2.233797585899392e-20
3.9723485714287428,2.3384551664505566e-19,2.4901762194966006e-20
3.9729828571430286,2.6657346470208116e-19,2.4721924644936646e-20
3.9736171428573144,2.7763798671991773e-19,2.5965298256653622e-20
3.9742514285716,2.1680685322550737e-19,2.4606119033200813e-20
3.974885714285886,2.3137944327420727e-19,2.4862634908023853e-20
3.975520000000172,2.108394552741496e-19,2.1407333429491082e-20
3.9761542857144576,2.2681001796155585e-19,2.800106115947776e-20
3.9767885714287434,2.931774465991494e-19,2.461338529156291e-20
3.9774228571430292,2.6649833610148857e-19,2.2401956649805183e-20
3.978057142857315,2.563322946274201e-19,2.7634422122443474e-20
3.978691428571601,2.4484363401412273e-19,2.7952160774359467e-20
3.9793257142858867,2.569607567373634e-19,2.3526669431392814e-20
3.9799600000001725,2.419381950385509e-19,2.737587927421136e-20
3.9805942857144583,2.4795636831210693e-19,2.319231018236294e-20
3.981228571428744,2.337786104616827e-19,2.1699807057608296e-20
3.98186285714303,2.3980762867147797e-19,2.503941452033282e-20
3.9824971428573157,2.3367813648986385e-19,2.8305199810276773e-20
3.9831314285716015,2.3900271082371635e-19,2.6015800940308403e-20
3.9837657142858873,2.181452348853387e-19,3.1303387237825284e-20
3.984400000000173,1.9744048591578672e-19,2.4377104019634076e-20
3.985034285714459,2.1591228843710052e-19,2.229396536532455e-20
3.9856685714287448,2.23411741106602e-19,2.4610619647913848e-20
3.9863028571430306,2.657614579740089e-19,2.834998752498686e-20
3.9869371428573164,2.401022889208028e-19,2.224178500032406e-20
3.987571428571602,2.243995602436305e-19,2.1527091398298628e-20
3.988205714285888,2.3160183651957837e-19,3.052508020614551e-20
3.988840000000174,2.3059358446667596e-19,2.0992178470701344e-20
3.9894742857144596,2.0341454786145367e-19,2.5571213069149448e-20
3.9901085714287454,1.2305523868007465e-19,3.7562949661632016e-20
3.9907428571430312,1.6730290430246333e-19,1.7315957717793735e-20
3.991377142857317,1.8694719121153015e-19,2.5781388543432433e-20
3.992011428571603,2.0466745870085618e-19,2.2358963761840654e-20
3.9926457142858887,1.986832128376247e-19,2.5047511093706385e-20
3.9932800000001745,1.2664241276157684e-19,1.7510289162485784e-20
3.9939142857144603,1.6763215530162583e-19,2.730698604938627e-20
3.994548571428746,1.4183040266069465e-19,2.4088217089724792e-20
3.995182857143032,1.457312150033139e-19,2.413908352932865e-20
3.9958171428573177,nan,nan
3.9964514285716035,nan,nan
3.9970857142858893,nan,nan
3.997720000000175,nan,nan
3.998354285714461,nan,nan
3.9989885714287468,nan,nan
3.9996228571430326,nan,nan
4.000257142857318,nan,nan
4.000891428571604,nan,nan
4.00152571428589,nan,nan
4.002160000000176,nan,nan
4.002794285714462,nan,nan
4.003428571428747,nan,nan
4.004062857143033,nan,nan
4.004697142857319,nan,nan
4.005331428571605,nan,nan
4.005965714285891,nan,nan
4.0066000000001765,nan,nan
4.007234285714462,nan,nan
4.007868571428748,nan,nan
4.008502857143034,nan,nan
4.00913714285732,nan,nan
4.0097714285716055,nan,nan
4.010405714285891,nan,nan
4.011040000000177,nan,nan
4.011674285714463,nan,nan
4.012308571428749,nan,nan
4.012942857143035,nan,nan
4.01357714285732,nan,nan
4.014211428571606,nan,nan
4.014845714285892,nan,nan
4.015480000000178,nan,nan
4.016114285714464,nan,nan
4.016748571428749,nan,nan
4.017382857143035,nan,nan
4.018017142857321,nan,nan
4.018651428571607,nan,nan
4.019285714285893,nan,nan
4.0199200000001785,nan,nan
4.020554285714464,nan,nan
4.02118857142875,nan,nan
4.021822857143036,nan,nan
4.022457142857322,nan,nan
4.0230914285716075,nan,nan
4.023725714285893,nan,nan
4.024360000000179,nan,nan
4.024994285714465,nan,nan
4.025628571428751,nan,nan
4.0262628571430366,nan,nan
4.026897142857322,nan,nan
4.027531428571608,nan,nan
4.028165714285894,nan,nan
4.02880000000018,nan,nan
4.029434285714466,nan,nan
4.030068571428751,nan,nan
4.030702857143037,nan,nan
4.031337142857323,nan,nan
4.031971428571609,nan,nan
4.032605714285895,nan,nan
4.0332400000001805,nan,nan
4.033874285714466,nan,nan
4.034508571428752,nan,nan
4.035142857143038,nan,nan
4.035777142857324,nan,nan
4.0364114285716095,nan,nan
4.037045714285895,nan,nan
4.037680000000181,nan,nan
4.038314285714467,nan,nan
4.038948571428753,nan,nan
4.0395828571430386,nan,nan
4.040217142857324,nan,nan
4.04085142857161,nan,nan
4.041485714285896,nan,nan
4.042120000000182,nan,nan
4.042754285714468,nan,nan
4.043388571428753,nan,nan
4.044022857143039,nan,nan
4.044657142857325,nan,nan
4.045291428571611,nan,nan
4.045925714285897,nan,nan
4.0465600000001825,nan,nan
4.047194285714468,nan,nan
4.047828571428754,nan,nan
4.04846285714304,nan,nan
4.049097142857326,nan,nan
4.0497314285716115,nan,nan
4.050365714285897,nan,nan
4.051000000000183,nan,nan
4.051634285714469,nan,nan
4.052268571428755,nan,nan
4.0529028571430405,nan,nan
4.053537142857326,nan,nan
4.054171428571612,nan,nan
4.054805714285898,nan,nan
4.055440000000184,nan,nan
4.05607428571447,nan,nan
4.056708571428755,nan,nan
4.057342857143041,nan,nan
4.057977142857327,nan,nan
4.058611428571613,nan,nan
4.059245714285899,nan,nan
4.0598800000001845,nan,nan
4.06051428571447,nan,nan
4.061148571428756,nan,nan
4.061782857143042,nan,nan
4.062417142857328,nan,nan
4.0630514285716135,nan,nan
4.063685714285899,nan,nan
4.064320000000185,nan,nan
4.064954285714471,nan,nan
4.065588571428757,nan,nan
4.0662228571430425,nan,nan
4.066857142857328,nan,nan
4.067491428571614,nan,nan
4.0681257142859,nan,nan
4.068760000000186,nan,nan
4.069394285714472,nan,nan
4.070028571428757,nan,nan
4.070662857143043,nan,nan
4.071297142857329,nan,nan
4.071931428571615,nan,nan
4.072565714285901,nan,nan
4.0732000000001864,nan,nan
4.073834285714472,nan,nan
4.074468571428758,nan,nan
4.075102857143044,nan,nan
4.07573714285733,nan,nan
4.0763714285716155,nan,nan
4.077005714285901,nan,nan
4.077640000000187,nan,nan
4.078274285714473,nan,nan
4.078908571428759,nan,nan
4.0795428571430445,nan,nan
4.08017714285733,nan,nan
4.080811428571616,nan,nan
4.081445714285902,nan,nan
4.082080000000188,nan,nan
4.082714285714474,nan,nan
4.083348571428759,nan,nan
4.083982857143045,nan,nan
4.084617142857331,nan,nan
4.085251428571617,nan,nan
4.085885714285903,nan,nan
4.0865200000001884,nan,nan
4.087154285714474,nan,nan
4.08778857142876,nan,nan
4.088422857143046,nan,nan
4.089057142857332,nan,nan
4.0896914285716175,nan,nan
4.090325714285903,nan,nan
4.090960000000189,nan,nan
4.091594285714475,nan,nan
4.092228571428761,nan,nan
4.0928628571430465,nan,nan
4.093497142857332,nan,nan
4.094131428571618,nan,nan
4.094765714285904,nan,nan
4.09540000000019,nan,nan
4.096034285714476,nan,nan
4.096668571428761,nan,nan
4.097302857143047,nan,nan
4.097937142857333,nan,nan
4.098571428571619,nan,nan
4.099205714285905,nan,nan
4.09984000000019,nan,nan
4.100474285714476,nan,nan
4.101108571428762,nan,nan
4.101742857143048,nan,nan
4.102377142857334,nan,nan
4.1030114285716195,nan,nan
4.103645714285905,nan,nan
4.104280000000191,nan,nan
4.104914285714477,nan,nan
4.105548571428763,nan,nan
4.1061828571430485,nan,nan
4.106817142857334,nan,nan
4.10745142857162,nan,nan
4.108085714285906,nan,nan
4.108720000000192,nan,nan
4.109354285714478,nan,nan
4.109988571428763,nan,nan
4.110622857143049,nan,nan
4.111257142857335,nan,nan
4.111891428571621,nan,nan
4.112525714285907,nan,nan
4.113160000000192,nan,nan
4.113794285714478,nan,nan
4.114428571428764,nan,nan
4.11506285714305,nan,nan
4.115697142857336,nan,nan
4.1163314285716215,nan,nan
4.116965714285907,nan,nan
4.117600000000193,nan,nan
4.118234285714479,nan,nan
4.118868571428765,nan,nan
4.1195028571430505,nan,nan
4.120137142857336,nan,nan
4.120771428571622,nan,nan
4.121405714285908,nan,nan
4.122040000000194,nan,nan
4.12267428571448,nan,nan
4.123308571428765,nan,nan
4.123942857143051,nan,nan
4.124577142857337,nan,nan
4.125211428571623,nan,nan
4.125845714285909,nan,nan
4.126480000000194,nan,nan
4.12711428571448,nan,nan
4.127748571428766,nan,nan
4.128382857143052,nan,nan
4.129017142857338,nan,nan
4.1296514285716235,nan,nan
4.130285714285909,nan,nan
4.130920000000195,nan,nan
4.131554285714481,nan,nan
4.132188571428767,nan,nan
4.1328228571430525,nan,nan
4.133457142857338,nan,nan
4.134091428571624,nan,nan
4.13472571428591,nan,nan
4.135360000000196,nan,nan
4.135994285714482,nan,nan
4.136628571428767,nan,nan
4.137262857143053,nan,nan
4.137897142857339,nan,nan
4.138531428571625,nan,nan
4.139165714285911,nan,nan
4.139800000000196,nan,nan
4.140434285714482,nan,nan
4.141068571428768,nan,nan
4.141702857143054,nan,nan
4.14233714285734,nan,nan
4.1429714285716255,nan,nan
4.143605714285911,nan,nan
4.144240000000197,nan,nan
4.144874285714483,nan,nan
4.145508571428769,nan,nan
4.1461428571430545,nan,nan
4.14677714285734,nan,nan
4.147411428571626,nan,nan
4.148045714285912,nan,nan
4.148680000000198,nan,nan
4.149314285714484,nan,nan
4.149948571428769,nan,nan
4.150582857143055,nan,nan
4.151217142857341,nan,nan
4.151851428571627,nan,nan
4.152485714285913,nan,nan
4.153120000000198,nan,nan
4.153754285714484,nan,nan
4.15438857142877,nan,nan
4.155022857143056,nan,nan
4.155657142857342,nan,nan
4.1562914285716275,nan,nan
4.156925714285913,nan,nan
4.157560000000199,nan,nan
4.158194285714485,nan,nan
4.158828571428771,nan,nan
4.1594628571430565,nan,nan
4.160097142857342,nan,nan
4.160731428571628,nan,nan
4.161365714285914,nan,nan
4.1620000000002,nan,nan
4.162634285714486,nan,nan
4.163268571428771,nan,nan
4.163902857143057,nan,nan
4.164537142857343,nan,nan
4.165171428571629,nan,nan
4.165805714285915,nan,nan
4.1664400000002,nan,nan
4.167074285714486,nan,nan
4.167708571428772,nan,nan
4.168342857143058,nan,nan
4.168977142857344,nan,nan
4.1696114285716295,nan,nan
4.170245714285915,nan,nan
4.170880000000201,nan,nan
4.171514285714487,nan,nan
4.172148571428773,nan,nan
4.1727828571430585,nan,nan
4.173417142857344,nan,nan
4.17405142857163,nan,nan
4.174685714285916,nan,nan
4.175320000000202,nan,nan
4.175954285714488,nan,nan
4.176588571428773,nan,nan
4.177222857143059,nan,nan
4.177857142857345,nan,nan
4.178491428571631,nan,nan
4.179125714285917,nan,nan
4.179760000000202,nan,nan
4.180394285714488,nan,nan
4.181028571428774,nan,nan
4.18166285714306,nan,nan
4.182297142857346,nan,nan
4.1829314285716315,nan,nan
4.183565714285917,nan,nan
4.184200000000203,nan,nan
4.184834285714489,nan,nan
4.185468571428775,nan,nan
4.1861028571430605,nan,nan
4.186737142857346,nan,nan
4.187371428571632,nan,nan
4.188005714285918,nan,nan
4.188640000000204,nan,nan
4.18927428571449,nan,nan
4.189908571428775,nan,nan
4.190542857143061,nan,nan
4.191177142857347,nan,nan
4.191811428571633,nan,nan
4.192445714285919,nan,nan
4.193080000000204,nan,nan
4.19371428571449,nan,nan
4.194348571428776,nan,nan
4.194982857143062,nan,nan
4.195617142857348,nan,nan
4.1962514285716335,nan,nan
4.196885714285919,nan,nan
4.197520000000205,nan,nan
4.198154285714491,nan,nan
4.198788571428777,nan,nan
4.1994228571430625,nan,nan
4.200057142857348,nan,nan
4.200691428571634,nan,nan
4.20132571428592,nan,nan
4.201960000000206,nan,nan
4.202594285714492,nan,nan
4.203228571428777,nan,nan
4.203862857143063,nan,nan
4.204497142857349,nan,nan
4.205131428571635,nan,nan
4.205765714285921,nan,nan
4.206400000000206,nan,nan
4.207034285714492,nan,nan
4.207668571428778,nan,nan
4.208302857143064,nan,nan
4.20893714285735,nan,nan
4.2095714285716355,nan,nan
4.210205714285921,nan,nan
4.210840000000207,nan,nan
4.211474285714493,nan,nan
4.212108571428779,nan,nan
4.2127428571430645,nan,nan
4.21337714285735,nan,nan
4.214011428571636,nan,nan
4.214645714285922,nan,nan
4.215280000000208,nan,nan
4.215914285714494,nan,nan
4.216548571428779,nan,nan
4.217182857143065,nan,nan
4.217817142857351,nan,nan
4.218451428571637,nan,nan
4.219085714285923,nan,nan
4.219720000000208,nan,nan
4.220354285714494,nan,nan
4.22098857142878,nan,nan
4.221622857143066,nan,nan
4.222257142857352,nan,nan
4.2228914285716375,nan,nan
4.223525714285923,nan,nan
4.224160000000209,nan,nan
4.224794285714495,nan,nan
4.225428571428781,nan,nan
4.2260628571430665,nan,nan
4.226697142857352,nan,nan
4.227331428571638,nan,nan
4.227965714285924,nan,nan
4.22860000000021,nan,nan
4.2292342857144956,nan,nan
4.229868571428781,nan,nan
4.230502857143067,nan,nan
4.231137142857353,nan,nan
4.231771428571639,nan,nan
4.232405714285925,nan,nan
4.23304000000021,nan,nan
4.233674285714496,nan,nan
4.234308571428782,nan,nan
4.234942857143068,nan,nan
4.235577142857354,nan,nan
4.2362114285716395,nan,nan
4.236845714285925,nan,nan
4.237480000000211,nan,nan
4.238114285714497,nan,nan
4.238748571428783,nan,nan
4.2393828571430685,nan,nan
4.240017142857354,nan,nan
4.24065142857164,nan,nan
4.241285714285926,nan,nan
4.241920000000212,nan,nan
4.2425542857144976,nan,nan
4.243188571428783,nan,nan
4.243822857143069,nan,nan
4.244457142857355,nan,nan
4.245091428571641,nan,nan
4.245725714285927,nan,nan
4.246360000000212,nan,nan
4.246994285714498,nan,nan
4.247628571428784,nan,nan
4.24826285714307,nan,nan
4.248897142857356,nan,nan
4.2495314285716415,nan,nan
4.250165714285927,nan,nan
4.250800000000213,nan,nan
4.251434285714499,nan,nan
4.252068571428785,nan,nan
4.2527028571430705,nan,nan
4.253337142857356,nan,nan
4.253971428571642,nan,nan
4.254605714285928,nan,nan
4.255240000000214,nan,nan
4.2558742857144995,nan,nan
4.256508571428785,nan,nan
4.257142857143071,nan,nan
4.257777142857357,nan,nan
4.258411428571643,nan,nan
4.259045714285929,nan,nan
4.259680000000214,nan,nan
4.2603142857145,nan,nan
4.260948571428786,nan,nan
4.261582857143072,nan,nan
4.262217142857358,nan,nan
4.2628514285716435,nan,nan
4.263485714285929,nan,nan
4.264120000000215,nan,nan
4.264754285714501,nan,nan
4.265388571428787,nan,nan
4.2660228571430725,nan,nan
4.266657142857358,nan,nan
4.267291428571644,nan,nan
4.26792571428593,nan,nan
4.268560000000216,nan,nan
4.2691942857145015,nan,nan
4.269828571428787,nan,nan
4.270462857143073,nan,nan
4.271097142857359,nan,nan
4.271731428571645,nan,nan
4.272365714285931,nan,nan
4.273000000000216,nan,nan
4.273634285714502,nan,nan
4.274268571428788,nan,nan
4.274902857143074,nan,nan
4.27553714285736,nan,nan
4.2761714285716454,nan,nan
4.276805714285931,nan,nan
4.277440000000217,nan,nan
4.278074285714503,nan,nan
4.278708571428789,nan,nan
4.2793428571430745,nan,nan
4.27997714285736,nan,nan
4.280611428571646,nan,nan
4.281245714285932,nan,nan
4.281880000000218,nan,nan
4.2825142857145035,nan,nan
4.283148571428789,nan,nan
4.283782857143075,nan,nan
4.284417142857361,nan,nan
4.285051428571647,nan,nan
4.285685714285933,nan,nan
4.286320000000218,nan,nan
4.286954285714504,nan,nan
4.28758857142879,nan,nan
4.288222857143076,nan,nan
4.288857142857362,nan,nan
4.2894914285716474,nan,nan
4.290125714285933,nan,nan
4.290760000000219,nan,nan
4.291394285714505,nan,nan
4.292028571428791,nan,nan
4.2926628571430765,nan,nan
4.293297142857362,nan,nan
4.293931428571648,nan,nan
4.294565714285934,nan,nan
4.29520000000022,nan,nan
4.2958342857145055,nan,nan
4.296468571428791,nan,nan
4.297102857143077,nan,nan
4.297737142857363,nan,nan
4.298371428571649,nan,nan
4.299005714285935,nan,nan
4.29964000000022,nan,nan
4.300274285714506,nan,nan
4.300908571428792,nan,nan
4.301542857143078,nan,nan
4.302177142857364,nan,nan
4.302811428571649,nan,nan
4.303445714285935,nan,nan
4.304080000000221,nan,nan
4.304714285714507,nan,nan
4.305348571428793,nan,nan
4.3059828571430785,nan,nan
4.306617142857364,nan,nan
4.30725142857165,nan,nan
4.307885714285936,nan,nan
4.308520000000222,nan,nan
4.3091542857145075,nan,nan
4.309788571428793,nan,nan
4.310422857143079,nan,nan
4.311057142857365,nan,nan
4.311691428571651,nan,nan
4.312325714285937,nan,nan
4.312960000000222,nan,nan
4.313594285714508,nan,nan
4.314228571428794,nan,nan
4.31486285714308,nan,nan
4.315497142857366,nan,nan
4.316131428571651,nan,nan
4.316765714285937,nan,nan
4.317400000000223,nan,nan
4.318034285714509,nan,nan
4.318668571428795,nan,nan
4.3193028571430805,nan,nan
4.319937142857366,nan,nan
4.320571428571652,nan,nan
4.321205714285938,nan,nan
4.321840000000224,nan,nan
4.3224742857145095,nan,nan
4.323108571428795,nan,nan
4.323742857143081,nan,nan
4.324377142857367,nan,nan
4.325011428571653,nan,nan
4.325645714285939,nan,nan
4.326280000000224,nan,nan
4.32691428571451,nan,nan
4.327548571428796,nan,nan
4.328182857143082,nan,nan
4.328817142857368,nan,nan
4.329451428571653,nan,nan
4.330085714285939,nan,nan
4.330720000000225,nan,nan
4.331354285714511,nan,nan
4.331988571428797,nan,nan
4.3326228571430825,nan,nan
4.333257142857368,nan,nan
4.333891428571654,nan,nan
4.33452571428594,nan,nan
4.335160000000226,nan,nan
4.3357942857145115,nan,nan
4.336428571428797,nan,nan
4.337062857143083,nan,nan
4.337697142857369,nan,nan
4.338331428571655,nan,nan
4.338965714285941,nan,nan
4.339600000000226,nan,nan
4.340234285714512,nan,nan
4.340868571428798,nan,nan
4.341502857143084,nan,nan
4.34213714285737,nan,nan
4.342771428571655,nan,nan
4.343405714285941,nan,nan
4.344040000000227,nan,nan
4.344674285714513,nan,nan
4.345308571428799,nan,nan
4.3459428571430845,nan,nan
4.34657714285737,nan,nan
4.347211428571656,nan,nan
4.347845714285942,nan,nan
4.348480000000228,nan,nan
4.3491142857145135,nan,nan
4.349748571428799,nan,nan
4.350382857143085,nan,nan
4.351017142857371,nan,nan
4.351651428571657,nan,nan
4.352285714285943,nan,nan
4.352920000000228,nan,nan
4.353554285714514,nan,nan
4.3541885714288,nan,nan
4.354822857143086,nan,nan
4.355457142857372,nan,nan
4.356091428571657,nan,nan
4.356725714285943,nan,nan
4.357360000000229,nan,nan
4.357994285714515,nan,nan
4.358628571428801,nan,nan
4.3592628571430865,nan,nan
4.359897142857372,nan,nan
4.360531428571658,nan,nan
4.361165714285944,nan,nan
4.36180000000023,nan,nan
4.3624342857145155,nan,nan
4.363068571428801,nan,nan
4.363702857143087,nan,nan
4.364337142857373,nan,nan
4.364971428571659,nan,nan
4.365605714285945,nan,nan
4.36624000000023,nan,nan
4.366874285714516,nan,nan
4.367508571428802,nan,nan
4.368142857143088,nan,nan
4.368777142857374,nan,nan
4.369411428571659,nan,nan
4.370045714285945,nan,nan
4.370680000000231,nan,nan
4.371314285714517,nan,nan
4.371948571428803,nan,nan
4.3725828571430885,nan,nan
4.373217142857374,nan,nan
4.37385142857166,nan,nan
4.374485714285946,nan,nan
4.375120000000232,nan,nan
4.3757542857145175,nan,nan
4.376388571428803,nan,nan
4.377022857143089,nan,nan
4.377657142857375,nan,nan
4.378291428571661,nan,nan
4.378925714285947,nan,nan
4.379560000000232,nan,nan
4.380194285714518,nan,nan
4.380828571428804,nan,nan
4.38146285714309,nan,nan
4.382097142857376,nan,nan
4.382731428571661,nan,nan
4.383365714285947,nan,nan
4.384000000000233,nan,nan
4.384634285714519,nan,nan
4.385268571428805,nan,nan
4.3859028571430905,nan,nan
4.386537142857376,nan,nan
4.387171428571662,nan,nan
4.387805714285948,nan,nan
4.388440000000234,nan,nan
4.3890742857145195,nan,nan
4.389708571428805,nan,nan
4.390342857143091,nan,nan
4.390977142857377,nan,nan
4.391611428571663,nan,nan
4.392245714285949,nan,nan
4.392880000000234,nan,nan
4.39351428571452,nan,nan
4.394148571428806,nan,nan
4.394782857143092,nan,nan
4.395417142857378,nan,nan
4.396051428571663,nan,nan
4.396685714285949,nan,nan
4.397320000000235,nan,nan
4.397954285714521,nan,nan
4.398588571428807,nan,nan
4.3992228571430925,nan,nan
4.399857142857378,nan,nan
4.400491428571664,nan,nan
4.40112571428595,nan,nan
4.401760000000236,nan,nan
4.4023942857145215,nan,nan
4.403028571428807,nan,nan
4.403662857143093,nan,nan
4.404297142857379,nan,nan
4.404931428571665,nan,nan
4.405565714285951,nan,nan
4.406200000000236,nan,nan
4.406834285714522,nan,nan
4.407468571428808,nan,nan
4.408102857143094,nan,nan
4.40873714285738,nan,nan
4.409371428571665,nan,nan
4.410005714285951,nan,nan
4.410640000000237,nan,nan
4.411274285714523,nan,nan
4.411908571428809,nan,nan
4.4125428571430945,nan,nan
4.41317714285738,nan,nan
4.413811428571666,nan,nan
4.414445714285952,nan,nan
4.415080000000238,nan,nan
4.4157142857145235,nan,nan
4.416348571428809,nan,nan
4.416982857143095,nan,nan
4.417617142857381,nan,nan
4.418251428571667,nan,nan
4.418885714285953,nan,nan
4.419520000000238,nan,nan
4.420154285714524,nan,nan
4.42078857142881,nan,nan
4.421422857143096,nan,nan
4.422057142857382,nan,nan
4.422691428571667,nan,nan
4.423325714285953,nan,nan
4.423960000000239,nan,nan
4.424594285714525,nan,nan
4.425228571428811,nan,nan
4.4258628571430965,nan,nan
4.426497142857382,nan,nan
4.427131428571668,nan,nan
4.427765714285954,nan,nan
4.42840000000024,nan,nan
4.4290342857145255,nan,nan
4.429668571428811,nan,nan
4.430302857143097,nan,nan
4.430937142857383,nan,nan
4.431571428571669,nan,nan
4.432205714285955,nan,nan
4.43284000000024,nan,nan
4.433474285714526,nan,nan
4.434108571428812,nan,nan
4.434742857143098,nan,nan
4.435377142857384,nan,nan
4.436011428571669,nan,nan
4.436645714285955,nan,nan
4.437280000000241,nan,nan
4.437914285714527,nan,nan
4.438548571428813,nan,nan
4.4391828571430985,nan,nan
4.439817142857384,nan,nan
4.44045142857167,nan,nan
4.441085714285956,nan,nan
4.441720000000242,nan,nan
4.4423542857145275,nan,nan
4.442988571428813,nan,nan
4.443622857143099,nan,nan
4.444257142857385,nan,nan
4.444891428571671,nan,nan
4.4455257142859566,nan,nan
4.446160000000242,nan,nan
4.446794285714528,nan,nan
4.447428571428814,nan,nan
4.4480628571431,nan,nan
4.448697142857386,nan,nan
4.449331428571671,nan,nan
4.449965714285957,nan,nan
4.450600000000243,nan,nan
4.451234285714529,nan,nan
4.451868571428815,nan,nan
4.4525028571431005,nan,nan
4.453137142857386,nan,nan
4.453771428571672,nan,nan
4.454405714285958,nan,nan
4.455040000000244,nan,nan
4.4556742857145295,nan,nan
4.456308571428815,nan,nan
4.456942857143101,nan,nan
4.457577142857387,nan,nan
4.458211428571673,nan,nan
4.4588457142859586,nan,nan
4.459480000000244,nan,nan
4.46011428571453,nan,nan
4.460748571428816,nan,nan
4.461382857143102,nan,nan
4.462017142857388,nan,nan
4.462651428571673,nan,nan
4.463285714285959,nan,nan
4.463920000000245,nan,nan
4.464554285714531,nan,nan
4.465188571428817,nan,nan
4.4658228571431025,nan,nan
4.466457142857388,nan,nan
4.467091428571674,nan,nan
4.46772571428596,nan,nan
4.468360000000246,nan,nan
4.4689942857145315,nan,nan
4.469628571428817,nan,nan
4.470262857143103,nan,nan
4.470897142857389,nan,nan
4.471531428571675,nan,nan
4.4721657142859605,nan,nan
4.472800000000246,nan,nan
4.473434285714532,nan,nan
4.474068571428818,nan,nan
4.474702857143104,nan,nan
4.47533714285739,nan,nan
4.475971428571675,nan,nan
4.476605714285961,nan,nan
4.477240000000247,nan,nan
4.477874285714533,nan,nan
4.478508571428819,nan,nan
4.4791428571431045,nan,nan
4.47977714285739,nan,nan
4.480411428571676,nan,nan
4.481045714285962,nan,nan
4.481680000000248,nan,nan
4.4823142857145335,nan,nan
4.482948571428819,nan,nan
4.483582857143105,nan,nan
4.484217142857391,nan,nan
4.484851428571677,nan,nan
4.4854857142859625,nan,nan
4.486120000000248,nan,nan
4.486754285714534,nan,nan
4.48738857142882,nan,nan
4.488022857143106,nan,nan
4.488657142857392,nan,nan
4.489291428571677,nan,nan
4.489925714285963,nan,nan
4.490560000000249,nan,nan
4.491194285714535,nan,nan
4.491828571428821,nan,nan
4.4924628571431064,nan,nan
4.493097142857392,nan,nan
4.493731428571678,nan,nan
4.494365714285964,nan,nan
4.49500000000025,nan,nan
4.4956342857145355,nan,nan
4.496268571428821,nan,nan
4.496902857143107,nan,nan
4.497537142857393,nan,nan
4.498171428571679,nan,nan
4.4988057142859645,nan,nan
4.49944000000025,nan,nan
4.500074285714536,nan,nan
4.500708571428822,nan,nan
4.501342857143108,nan,nan
4.501977142857394,nan,nan
4.502611428571679,nan,nan
4.503245714285965,nan,nan
4.503880000000251,nan,nan
4.504514285714537,nan,nan
4.505148571428823,nan,nan
4.5057828571431084,nan,nan
4.506417142857394,nan,nan
4.50705142857168,nan,nan
4.507685714285966,nan,nan
4.508320000000252,nan,nan
4.5089542857145375,nan,nan
4.509588571428823,nan,nan
4.510222857143109,nan,nan
4.510857142857395,nan,nan
4.511491428571681,nan,nan
4.5121257142859665,nan,nan
4.512760000000252,nan,nan
4.513394285714538,nan,nan
4.514028571428824,nan,nan
4.51466285714311,nan,nan
4.515297142857396,nan,nan
4.515931428571681,nan,nan
4.516565714285967,nan,nan
4.517200000000253,nan,nan
4.517834285714539,nan,nan
4.518468571428825,nan,nan
4.51910285714311,nan,nan
4.519737142857396,nan,nan
4.520371428571682,nan,nan
4.521005714285968,nan,nan
4.521640000000254,nan,nan
4.5222742857145395,nan,nan
4.522908571428825,nan,nan
4.523542857143111,nan,nan
4.524177142857397,nan,nan
4.524811428571683,nan,nan
4.5254457142859685,nan,nan
4.526080000000254,nan,nan
4.52671428571454,nan,nan
4.527348571428826,nan,nan
4.527982857143112,nan,nan
4.528617142857398,nan,nan
4.529251428571683,nan,nan
4.529885714285969,nan,nan
4.530520000000255,nan,nan
4.531154285714541,nan,nan
4.531788571428827,nan,nan
4.532422857143112,nan,nan
4.533057142857398,nan,nan
4.533691428571684,nan,nan
4.53432571428597,nan,nan
4.534960000000256,nan,nan
4.5355942857145415,nan,nan
4.536228571428827,nan,nan
4.536862857143113,nan,nan
4.537497142857399,nan,nan
4.538131428571685,nan,nan
4.5387657142859705,nan,nan
4.539400000000256,nan,nan
4.540034285714542,nan,nan
4.540668571428828,nan,nan
4.541302857143114,nan,nan
4.5419371428574,nan,nan
4.542571428571685,nan,nan
4.543205714285971,nan,nan
4.543840000000257,nan,nan
4.544474285714543,nan,nan
4.545108571428829,nan,nan
4.545742857143114,nan,nan
4.5463771428574,nan,nan
4.547011428571686,nan,nan
4.547645714285972,nan,nan
4.548280000000258,nan,nan
4.5489142857145435,nan,nan
4.549548571428829,nan,nan
4.550182857143115,nan,nan
4.550817142857401,nan,nan
4.551451428571687,nan,nan
4.5520857142859725,nan,nan
4.552720000000258,nan,nan
4.553354285714544,nan,nan
4.55398857142883,nan,nan
4.554622857143116,nan,nan
4.555257142857402,nan,nan
4.555891428571687,nan,nan
4.556525714285973,nan,nan
4.557160000000259,nan,nan
4.557794285714545,nan,nan
4.558428571428831,nan,nan
4.559062857143116,nan,nan
4.559697142857402,nan,nan
4.560331428571688,nan,nan
4.560965714285974,nan,nan
4.56160000000026,nan,nan
4.5622342857145455,nan,nan
4.562868571428831,nan,nan
4.563502857143117,nan,nan
4.564137142857403,nan,nan
4.564771428571689,nan,nan
4.5654057142859745,nan,nan
4.56604000000026,nan,nan
4.566674285714546,nan,nan
4.567308571428832,nan,nan
4.567942857143118,nan,nan
4.568577142857404,nan,nan
4.569211428571689,nan,nan
4.569845714285975,nan,nan
4.570480000000261,nan,nan
4.571114285714547,nan,nan
4.571748571428833,nan,nan
4.572382857143118,nan,nan
4.573017142857404,nan,nan
4.57365142857169,nan,nan
4.574285714285976,nan,nan
4.574920000000262,nan,nan
4.5755542857145475,nan,nan
4.576188571428833,nan,nan
4.576822857143119,nan,nan
4.577457142857405,nan,nan
4.578091428571691,nan,nan
4.5787257142859765,nan,nan
4.579360000000262,nan,nan
4.579994285714548,nan,nan
4.580628571428834,nan,nan
4.58126285714312,nan,nan
4.581897142857406,nan,nan
4.582531428571691,nan,nan
4.583165714285977,nan,nan
4.583800000000263,nan,nan
4.584434285714549,nan,nan
4.585068571428835,nan,nan
4.58570285714312,nan,nan
4.586337142857406,nan,nan
4.586971428571692,nan,nan
4.587605714285978,nan,nan
4.588240000000264,nan,nan
4.5888742857145495,nan,nan
4.589508571428835,nan,nan
4.590142857143121,nan,nan
4.590777142857407,nan,nan
4.591411428571693,nan,nan
4.5920457142859785,nan,nan
4.592680000000264,nan,nan
4.59331428571455,nan,nan
4.593948571428836,nan,nan
4.594582857143122,nan,nan
4.595217142857408,nan,nan
4.595851428571693,nan,nan
4.596485714285979,nan,nan
4.597120000000265,nan,nan
4.597754285714551,nan,nan
4.598388571428837,nan,nan
4.599022857143122,nan,nan
4.599657142857408,nan,nan
4.600291428571694,nan,nan
4.60092571428598,nan,nan
4.601560000000266,nan,nan
4.6021942857145515,nan,nan
4.602828571428837,nan,nan
4.603462857143123,nan,nan
4.604097142857409,nan,nan
4.604731428571695,nan,nan
4.6053657142859805,nan,nan
4.606000000000266,nan,nan
4.606634285714552,nan,nan
4.607268571428838,nan,nan
4.607902857143124,nan,nan
4.60853714285741,nan,nan
4.609171428571695,nan,nan
4.609805714285981,nan,nan
4.610440000000267,nan,nan
4.611074285714553,nan,nan
4.611708571428839,nan,nan
4.612342857143124,nan,nan
4.61297714285741,nan,nan
4.613611428571696,nan,nan
4.614245714285982,nan,nan
4.614880000000268,nan,nan
4.6155142857145535,nan,nan
4.616148571428839,nan,nan
4.616782857143125,nan,nan
4.617417142857411,nan,nan
4.618051428571697,nan,nan
4.6186857142859825,nan,nan
4.619320000000268,nan,nan
4.619954285714554,nan,nan
4.62058857142884,nan,nan
4.621222857143126,nan,nan
4.621857142857412,nan,nan
4.622491428571697,nan,nan
4.623125714285983,nan,nan
4.623760000000269,nan,nan
4.624394285714555,nan,nan
4.625028571428841,nan,nan
4.625662857143126,nan,nan
4.626297142857412,nan,nan
4.626931428571698,nan,nan
4.627565714285984,nan,nan
4.62820000000027,nan,nan
4.6288342857145555,nan,nan
4.629468571428841,nan,nan
4.630102857143127,nan,nan
4.630737142857413,nan,nan
4.631371428571699,nan,nan
4.6320057142859845,nan,nan
4.63264000000027,nan,nan
4.633274285714556,nan,nan
4.633908571428842,nan,nan
4.634542857143128,nan,nan
4.635177142857414,nan,nan
4.635811428571699,nan,nan
4.636445714285985,nan,nan
4.637080000000271,nan,nan
4.637714285714557,nan,nan
4.638348571428843,nan,nan
4.638982857143128,nan,nan
4.639617142857414,nan,nan
4.6402514285717,nan,nan
4.640885714285986,nan,nan
4.641520000000272,nan,nan
4.6421542857145575,nan,nan
4.642788571428843,nan,nan
4.643422857143129,nan,nan
4.644057142857415,nan,nan
4.644691428571701,nan,nan
4.6453257142859865,nan,nan
4.645960000000272,nan,nan
4.646594285714558,nan,nan
4.647228571428844,nan,nan
4.64786285714313,nan,nan
4.6484971428574156,nan,nan
4.649131428571701,nan,nan
4.649765714285987,nan,nan
4.650400000000273,nan,nan
4.651034285714559,nan,nan
4.651668571428845,nan,nan
4.65230285714313,nan,nan
4.652937142857416,nan,nan
4.653571428571702,nan,nan
4.654205714285988,nan,nan
4.654840000000274,nan,nan
4.6554742857145595,nan,nan
4.656108571428845,nan,nan
4.656742857143131,nan,nan
4.657377142857417,nan,nan
4.658011428571703,nan,nan
4.6586457142859885,nan,nan
4.659280000000274,nan,nan
4.65991428571456,nan,nan
4.660548571428846,nan,nan
4.661182857143132,nan,nan
4.6618171428574176,nan,nan
4.662451428571703,nan,nan
4.663085714285989,nan,nan
4.663720000000275,nan,nan
4.664354285714561,nan,nan
4.664988571428847,nan,nan
4.665622857143132,nan,nan
4.666257142857418,nan,nan
4.666891428571704,nan,nan
4.66752571428599,nan,nan
4.668160000000276,nan,nan
4.6687942857145615,nan,nan
4.669428571428847,nan,nan
4.670062857143133,nan,nan
4.670697142857419,nan,nan
4.671331428571705,nan,nan
4.6719657142859905,nan,nan
4.672600000000276,nan,nan
4.673234285714562,nan,nan
4.673868571428848,nan,nan
4.674502857143134,nan,nan
4.6751371428574195,nan,nan
4.675771428571705,nan,nan
4.676405714285991,nan,nan
4.677040000000277,nan,nan
4.677674285714563,nan,nan
4.678308571428849,nan,nan
4.678942857143134,nan,nan
4.67957714285742,nan,nan
4.680211428571706,nan,nan
4.680845714285992,nan,nan
4.681480000000278,nan,nan
4.6821142857145635,nan,nan
4.682748571428849,nan,nan
4.683382857143135,nan,nan
4.684017142857421,nan,nan
4.684651428571707,nan,nan
4.6852857142859925,nan,nan
4.685920000000278,nan,nan
4.686554285714564,nan,nan
4.68718857142885,nan,nan
4.687822857143136,nan,nan
4.6884571428574215,nan,nan
4.689091428571707,nan,nan
4.689725714285993,nan,nan
4.690360000000279,nan,nan
4.690994285714565,nan,nan
4.691628571428851,nan,nan
4.692262857143136,nan,nan
4.692897142857422,nan,nan
4.693531428571708,nan,nan
4.694165714285994,nan,nan
4.69480000000028,nan,nan
4.6954342857145654,nan,nan
4.696068571428851,nan,nan
4.696702857143137,nan,nan
4.697337142857423,nan,nan
4.697971428571709,nan,nan
4.6986057142859945,nan,nan
4.69924000000028,nan,nan
4.699874285714566,nan,nan
4.700508571428852,nan,nan
4.701142857143138,nan,nan
4.7017771428574235,nan,nan
4.702411428571709,nan,nan
4.703045714285995,nan,nan
4.703680000000281,nan,nan
4.704314285714567,nan,nan
4.704948571428853,nan,nan
4.705582857143138,nan,nan
4.706217142857424,nan,nan
4.70685142857171,nan,nan
4.707485714285996,nan,nan
4.708120000000282,nan,nan
4.7087542857145674,nan,nan
4.709388571428853,nan,nan
4.710022857143139,nan,nan
4.710657142857425,nan,nan
4.711291428571711,nan,nan
4.7119257142859965,nan,nan
4.712560000000282,nan,nan
4.713194285714568,nan,nan
4.713828571428854,nan,nan
4.71446285714314,nan,nan
4.7150971428574255,nan,nan
4.715731428571711,nan,nan
4.716365714285997,nan,nan
4.717000000000283,nan,nan
4.717634285714569,nan,nan
4.718268571428855,nan,nan
4.71890285714314,nan,nan
4.719537142857426,nan,nan
4.720171428571712,nan,nan
4.720805714285998,nan,nan
4.721440000000284,nan,nan
4.722074285714569,nan,nan
4.722708571428855,nan,nan
4.723342857143141,nan,nan
4.723977142857427,nan,nan
4.724611428571713,nan,nan
4.7252457142859985,nan,nan
4.725880000000284,nan,nan
4.72651428571457,nan,nan
4.727148571428856,nan,nan
4.727782857143142,nan,nan
4.7284171428574275,nan,nan
4.729051428571713,nan,nan
4.729685714285999,nan,nan
4.730320000000285,nan,nan
4.730954285714571,nan,nan
4.731588571428857,nan,nan
4.732222857143142,nan,nan
4.732857142857428,nan,nan
4.733491428571714,nan,nan
4.734125714286,nan,nan
4.734760000000286,nan,nan
4.735394285714571,nan,nan
4.736028571428857,nan,nan
4.736662857143143,nan,nan
4.737297142857429,nan,nan
4.737931428571715,nan,nan
4.7385657142860005,nan,nan
4.739200000000286,nan,nan
4.739834285714572,nan,nan
4.740468571428858,nan,nan
4.741102857143144,nan,nan
4.7417371428574295,nan,nan
4.742371428571715,nan,nan
4.743005714286001,nan,nan
4.743640000000287,nan,nan
4.744274285714573,nan,nan
4.744908571428859,nan,nan
4.745542857143144,nan,nan
4.74617714285743,nan,nan
4.746811428571716,nan,nan
4.747445714286002,nan,nan
4.748080000000288,nan,nan
4.748714285714573,nan,nan
4.749348571428859,nan,nan
4.749982857143145,nan,nan
4.750617142857431,nan,nan
4.751251428571717,nan,nan
4.7518857142860025,nan,nan
4.752520000000288,nan,nan
4.753154285714574,nan,nan
4.75378857142886,nan,nan
4.754422857143146,nan,nan
4.7550571428574315,nan,nan
4.755691428571717,nan,nan
4.756325714286003,nan,nan
4.756960000000289,nan,nan
4.757594285714575,nan,nan
4.758228571428861,nan,nan
4.758862857143146,nan,nan
4.759497142857432,nan,nan
4.760131428571718,nan,nan
4.760765714286004,nan,nan
4.76140000000029,nan,nan
4.762034285714575,nan,nan
4.762668571428861,nan,nan
4.763302857143147,nan,nan
4.763937142857433,nan,nan
4.764571428571719,nan,nan
4.7652057142860045,nan,nan
4.76584000000029,nan,nan
4.766474285714576,nan,nan
4.767108571428862,nan,nan
4.767742857143148,nan,nan
4.7683771428574335,nan,nan
4.769011428571719,nan,nan
4.769645714286005,nan,nan
4.770280000000291,nan,nan
4.770914285714577,nan,nan
4.771548571428863,nan,nan
4.772182857143148,nan,nan
4.772817142857434,nan,nan
4.77345142857172,nan,nan
4.774085714286006,nan,nan
4.774720000000292,nan,nan
4.775354285714577,nan,nan
4.775988571428863,nan,nan
4.776622857143149,nan,nan
4.777257142857435,nan,nan
4.777891428571721,nan,nan
4.7785257142860065,nan,nan
4.779160000000292,nan,nan
4.779794285714578,nan,nan
4.780428571428864,nan,nan
4.78106285714315,nan,nan
4.7816971428574355,nan,nan
4.782331428571721,nan,nan
4.782965714286007,nan,nan
4.783600000000293,nan,nan
4.784234285714579,nan,nan
4.784868571428865,nan,nan
4.78550285714315,nan,nan
4.786137142857436,nan,nan
4.786771428571722,nan,nan
4.787405714286008,nan,nan
4.788040000000294,nan,nan
4.788674285714579,nan,nan
4.789308571428865,nan,nan
4.789942857143151,nan,nan
4.790577142857437,nan,nan
4.791211428571723,nan,nan
4.7918457142860085,nan,nan
4.792480000000294,nan,nan
4.79311428571458,nan,nan
4.793748571428866,nan,nan
4.794382857143152,nan,nan
4.7950171428574375,nan,nan
4.795651428571723,nan,nan
4.796285714286009,nan,nan
4.796920000000295,nan,nan
4.797554285714581,nan,nan
4.798188571428867,nan,nan
4.798822857143152,nan,nan
4.799457142857438,nan,nan
4.800091428571724,nan,nan
4.80072571428601,nan,nan
4.801360000000296,nan,nan
4.801994285714581,nan,nan
4.802628571428867,nan,nan
4.803262857143153,nan,nan
4.803897142857439,nan,nan
4.804531428571725,nan,nan
4.8051657142860105,nan,nan
4.805800000000296,nan,nan
4.806434285714582,nan,nan
4.807068571428868,nan,nan
4.807702857143154,nan,nan
4.8083371428574395,nan,nan
4.808971428571725,nan,nan
4.809605714286011,nan,nan
4.810240000000297,nan,nan
4.810874285714583,nan,nan
4.811508571428869,nan,nan
4.812142857143154,nan,nan
4.81277714285744,nan,nan
4.813411428571726,nan,nan
4.814045714286012,nan,nan
4.814680000000298,nan,nan
4.815314285714583,nan,nan
4.815948571428869,nan,nan
4.816582857143155,nan,nan
4.817217142857441,nan,nan
4.817851428571727,nan,nan
4.8184857142860125,nan,nan
4.819120000000298,nan,nan
4.819754285714584,nan,nan
4.82038857142887,nan,nan
4.821022857143156,nan,nan
4.8216571428574415,nan,nan
4.822291428571727,nan,nan
4.822925714286013,nan,nan
4.823560000000299,nan,nan
4.824194285714585,nan,nan
4.824828571428871,nan,nan
4.825462857143156,nan,nan
4.826097142857442,nan,nan
4.826731428571728,nan,nan
4.827365714286014,nan,nan
4.8280000000003,nan,nan
4.828634285714585,nan,nan
4.829268571428871,nan,nan
4.829902857143157,nan,nan
4.830537142857443,nan,nan
4.831171428571729,nan,nan
4.8318057142860145,nan,nan
4.8324400000003,nan,nan
4.833074285714586,nan,nan
4.833708571428872,nan,nan
4.834342857143158,nan,nan
4.8349771428574435,nan,nan
4.835611428571729,nan,nan
4.836245714286015,nan,nan
4.836880000000301,nan,nan
4.837514285714587,nan,nan
4.838148571428873,nan,nan
4.838782857143158,nan,nan
4.839417142857444,nan,nan
4.84005142857173,nan,nan
4.840685714286016,nan,nan
4.841320000000302,nan,nan
4.841954285714587,nan,nan
4.842588571428873,nan,nan
4.843222857143159,nan,nan
4.843857142857445,nan,nan
4.844491428571731,nan,nan
4.8451257142860165,nan,nan
4.845760000000302,nan,nan
4.846394285714588,nan,nan
4.847028571428874,nan,nan
4.84766285714316,nan,nan
4.8482971428574455,nan,nan
4.848931428571731,nan,nan
4.849565714286017,nan,nan
4.850200000000303,nan,nan
4.850834285714589,nan,nan
4.8514685714288746,nan,nan
4.85210285714316,nan,nan
4.852737142857446,nan,nan
4.853371428571732,nan,nan
4.854005714286018,nan,nan
4.854640000000304,nan,nan
4.855274285714589,nan,nan
4.855908571428875,nan,nan
4.856542857143161,nan,nan
4.857177142857447,nan,nan
4.857811428571733,nan,nan
4.8584457142860185,nan,nan
4.859080000000304,nan,nan
4.85971428571459,nan,nan
4.860348571428876,nan,nan
4.860982857143162,nan,nan
4.8616171428574475,nan,nan
4.862251428571733,nan,nan
4.862885714286019,nan,nan
4.863520000000305,nan,nan
4.864154285714591,nan,nan
4.8647885714288766,nan,nan
4.865422857143162,nan,nan
4.866057142857448,nan,nan
4.866691428571734,nan,nan
4.86732571428602,nan,nan
4.867960000000306,nan,nan
4.868594285714591,nan,nan
4.869228571428877,nan,nan
4.869862857143163,nan,nan
4.870497142857449,nan,nan
4.871131428571735,nan,nan
4.8717657142860205,nan,nan
4.872400000000306,nan,nan
4.873034285714592,nan,nan
4.873668571428878,nan,nan
4.874302857143164,nan,nan
4.8749371428574495,nan,nan
4.875571428571735,nan,nan
4.876205714286021,nan,nan
4.876840000000307,nan,nan
4.877474285714593,nan,nan
4.8781085714288785,nan,nan
4.878742857143164,nan,nan
4.87937714285745,nan,nan
4.880011428571736,nan,nan
4.880645714286022,nan,nan
4.881280000000308,nan,nan
4.881914285714593,nan,nan
4.882548571428879,nan,nan
4.883182857143165,nan,nan
4.883817142857451,nan,nan
4.884451428571737,nan,nan
4.8850857142860225,nan,nan
4.885720000000308,nan,nan
4.886354285714594,nan,nan
4.88698857142888,nan,nan
4.887622857143166,nan,nan
4.8882571428574515,nan,nan
4.888891428571737,nan,nan
4.889525714286023,nan,nan
4.890160000000309,nan,nan
4.890794285714595,nan,nan
4.8914285714288805,nan,nan
4.892062857143166,nan,nan
4.892697142857452,nan,nan
4.893331428571738,nan,nan
4.893965714286024,nan,nan
4.89460000000031,nan,nan
4.895234285714595,nan,nan
4.895868571428881,nan,nan
4.896502857143167,nan,nan
4.897137142857453,nan,nan
4.897771428571739,nan,nan
4.8984057142860244,nan,nan
4.89904000000031,nan,nan
4.899674285714596,nan,nan
4.900308571428882,nan,nan
4.900942857143168,nan,nan
4.9015771428574535,nan,nan
4.902211428571739,nan,nan
4.902845714286025,nan,nan
4.903480000000311,nan,nan
4.904114285714597,nan,nan
4.9047485714288825,nan,nan
4.905382857143168,nan,nan
4.906017142857454,nan,nan
4.90665142857174,nan,nan
4.907285714286026,nan,nan
4.907920000000312,nan,nan
4.908554285714597,nan,nan
4.909188571428883,nan,nan
4.909822857143169,nan,nan
4.910457142857455,nan,nan
4.911091428571741,nan,nan
4.9117257142860264,nan,nan
4.912360000000312,nan,nan
4.912994285714598,nan,nan
4.913628571428884,nan,nan
4.91426285714317,nan,nan
4.9148971428574555,nan,nan
4.915531428571741,nan,nan
4.916165714286027,nan,nan
4.916800000000313,nan,nan
4.917434285714599,nan,nan
4.9180685714288845,nan,nan
4.91870285714317,nan,nan
4.919337142857456,nan,nan
4.919971428571742,nan,nan
4.920605714286028,nan,nan
4.921240000000314,nan,nan
4.921874285714599,nan,nan
4.922508571428885,nan,nan
4.923142857143171,nan,nan
4.923777142857457,nan,nan
4.924411428571743,nan,nan
4.925045714286028,nan,nan
4.925680000000314,nan,nan
4.9263142857146,nan,nan
4.926948571428886,nan,nan
4.927582857143172,nan,nan
4.9282171428574575,nan,nan
4.928851428571743,nan,nan
4.929485714286029,nan,nan
4.930120000000315,nan,nan
4.930754285714601,nan,nan
4.9313885714288865,nan,nan
4.932022857143172,nan,nan
4.932657142857458,nan,nan
4.933291428571744,nan,nan
4.93392571428603,nan,nan
4.934560000000316,nan,nan
4.935194285714601,nan,nan
4.935828571428887,nan,nan
4.936462857143173,nan,nan
4.937097142857459,nan,nan
4.937731428571745,nan,nan
4.93836571428603,nan,nan
4.939000000000316,nan,nan
4.939634285714602,nan,nan
4.940268571428888,nan,nan
4.940902857143174,nan,nan
4.9415371428574595,nan,nan
4.942171428571745,nan,nan
4.942805714286031,nan,nan
4.943440000000317,nan,nan
4.944074285714603,nan,nan
4.9447085714288885,nan,nan
4.945342857143174,nan,nan
4.94597714285746,nan,nan
4.946611428571746,nan,nan
4.947245714286032,nan,nan
4.947880000000318,nan,nan
4.948514285714603,nan,nan
4.949148571428889,nan,nan
4.949782857143175,nan,nan
4.950417142857461,nan,nan
4.951051428571747,nan,nan
4.951685714286032,nan,nan
4.952320000000318,nan,nan
4.952954285714604,nan,nan
4.95358857142889,nan,nan
4.954222857143176,nan,nan
4.9548571428574615,nan,nan
4.955491428571747,nan,nan
4.956125714286033,nan,nan
4.956760000000319,nan,nan
4.957394285714605,nan,nan
4.9580285714288905,nan,nan
4.958662857143176,nan,nan
4.959297142857462,nan,nan
4.959931428571748,nan,nan
4.960565714286034,nan,nan
4.96120000000032,nan,nan
4.961834285714605,nan,nan
4.962468571428891,nan,nan
4.963102857143177,nan,nan
4.963737142857463,nan,nan
4.964371428571749,nan,nan
4.965005714286034,nan,nan
4.96564000000032,nan,nan
4.966274285714606,nan,nan
4.966908571428892,nan,nan
4.967542857143178,nan,nan
4.9681771428574635,nan,nan
4.968811428571749,nan,nan
4.969445714286035,nan,nan
4.970080000000321,nan,nan
4.970714285714607,nan,nan
4.9713485714288925,nan,nan
4.971982857143178,nan,nan
4.972617142857464,nan,nan
4.97325142857175,nan,nan
4.973885714286036,nan,nan
4.974520000000322,nan,nan
4.975154285714607,nan,nan
4.975788571428893,nan,nan
4.976422857143179,nan,nan
4.977057142857465,nan,nan
4.977691428571751,nan,nan
4.978325714286036,nan,nan
4.978960000000322,nan,nan
4.979594285714608,nan,nan
4.980228571428894,nan,nan
4.98086285714318,nan,nan
4.9814971428574655,nan,nan
4.982131428571751,nan,nan
4.982765714286037,nan,nan
4.983400000000323,nan,nan
4.984034285714609,nan,nan
4.9846685714288945,nan,nan
4.98530285714318,nan,nan
4.985937142857466,nan,nan
4.986571428571752,nan,nan
4.987205714286038,nan,nan
4.987840000000324,nan,nan
4.988474285714609,nan,nan
4.989108571428895,nan,nan
4.989742857143181,nan,nan
4.990377142857467,nan,nan
4.991011428571753,nan,nan
4.991645714286038,nan,nan
4.992280000000324,nan,nan
4.99291428571461,nan,nan
4.993548571428896,nan,nan
4.994182857143182,nan,nan
4.9948171428574675,nan,nan
4.995451428571753,nan,nan
4.996085714286039,nan,nan
4.996720000000325,nan,nan
4.997354285714611,nan,nan
4.9979885714288965,nan,nan
4.998622857143182,nan,nan
4.999257142857468,nan,nan
4.999891428571754,nan,nan
5.00052571428604,nan,nan
5.001160000000326,nan,nan
5.001794285714611,nan,nan
5.002428571428897,nan,nan
5.003062857143183,nan,nan
5.003697142857469,nan,nan
5.004331428571755,nan,nan
5.00496571428604,nan,nan
5.005600000000326,nan,nan
5.006234285714612,nan,nan
5.006868571428898,nan,nan
5.007502857143184,nan,nan
5.0081371428574695,nan,nan
5.008771428571755,nan,nan
5.009405714286041,nan,nan
5.010040000000327,nan,nan
5.010674285714613,nan,nan
5.0113085714288985,nan,nan
5.011942857143184,nan,nan
5.01257714285747,nan,nan
5.013211428571756,nan,nan
5.013845714286042,nan,nan
5.014480000000328,nan,nan
5.015114285714613,nan,nan
5.015748571428899,nan,nan
5.016382857143185,nan,nan
5.017017142857471,nan,nan
5.017651428571757,nan,nan
5.018285714286042,nan,nan
5.018920000000328,nan,nan
5.019554285714614,nan,nan
5.0201885714289,nan,nan
5.020822857143186,nan,nan
5.0214571428574715,nan,nan
5.022091428571757,nan,nan
5.022725714286043,nan,nan
5.023360000000329,nan,nan
5.023994285714615,nan,nan
5.0246285714289005,nan,nan
5.025262857143186,nan,nan
5.025897142857472,nan,nan
5.026531428571758,nan,nan
5.027165714286044,nan,nan
5.02780000000033,nan,nan
5.028434285714615,nan,nan
5.029068571428901,nan,nan
5.029702857143187,nan,nan
5.030337142857473,nan,nan
5.030971428571759,nan,nan
5.031605714286044,nan,nan
5.03224000000033,nan,nan
5.032874285714616,nan,nan
5.033508571428902,nan,nan
5.034142857143188,nan,nan
5.0347771428574735,nan,nan
5.035411428571759,nan,nan
5.036045714286045,nan,nan
5.036680000000331,nan,nan
5.037314285714617,nan,nan
5.0379485714289025,nan,nan
5.038582857143188,nan,nan
5.039217142857474,nan,nan
5.03985142857176,nan,nan
5.040485714286046,nan,nan
5.041120000000332,nan,nan
5.041754285714617,nan,nan
5.042388571428903,nan,nan
5.043022857143189,nan,nan
5.043657142857475,nan,nan
5.044291428571761,nan,nan
5.044925714286046,nan,nan
5.045560000000332,nan,nan
5.046194285714618,nan,nan
5.046828571428904,nan,nan
5.04746285714319,nan,nan
5.0480971428574755,nan,nan
5.048731428571761,nan,nan
5.049365714286047,nan,nan
5.050000000000333,nan,nan
5.050634285714619,nan,nan
5.0512685714289045,nan,nan
5.05190285714319,nan,nan
5.052537142857476,nan,nan
5.053171428571762,nan,nan
5.053805714286048,nan,nan
5.0544400000003336,nan,nan
5.055074285714619,nan,nan
5.055708571428905,nan,nan
5.056342857143191,nan,nan
5.056977142857477,nan,nan
5.057611428571763,nan,nan
5.058245714286048,nan,nan
5.058880000000334,nan,nan
5.05951428571462,nan,nan
5.060148571428906,nan,nan
5.060782857143192,nan,nan
5.0614171428574775,nan,nan
5.062051428571763,nan,nan
5.062685714286049,nan,nan
5.063320000000335,nan,nan
5.063954285714621,nan,nan
5.0645885714289065,nan,nan
5.065222857143192,nan,nan
5.065857142857478,nan,nan
5.066491428571764,nan,nan
5.06712571428605,nan,nan
5.0677600000003356,nan,nan
5.068394285714621,nan,nan
5.069028571428907,nan,nan
5.069662857143193,nan,nan
5.070297142857479,nan,nan
5.070931428571765,nan,nan
5.07156571428605,nan,nan
5.072200000000336,nan,nan
5.072834285714622,nan,nan
5.073468571428908,nan,nan
5.074102857143194,nan,nan
5.0747371428574795,nan,nan
5.075371428571765,nan,nan
5.076005714286051,nan,nan
5.076640000000337,nan,nan
5.077274285714623,nan,nan
5.0779085714289085,nan,nan
5.078542857143194,nan,nan
5.07917714285748,nan,nan
5.079811428571766,nan,nan
5.080445714286052,nan,nan
5.0810800000003375,nan,nan
5.081714285714623,nan,nan
5.082348571428909,nan,nan
5.082982857143195,nan,nan
5.083617142857481,nan,nan
5.084251428571767,nan,nan
5.084885714286052,nan,nan
5.085520000000338,nan,nan
5.086154285714624,nan,nan
5.08678857142891,nan,nan
5.087422857143196,nan,nan
5.0880571428574815,nan,nan
5.088691428571767,nan,nan
5.089325714286053,nan,nan
5.089960000000339,nan,nan
5.090594285714625,nan,nan
5.0912285714289105,nan,nan
5.091862857143196,nan,nan
5.092497142857482,nan,nan
5.093131428571768,nan,nan
5.093765714286054,nan,nan
5.0944000000003395,nan,nan
5.095034285714625,nan,nan
5.095668571428911,nan,nan
5.096302857143197,nan,nan
5.096937142857483,nan,nan
5.097571428571769,nan,nan
5.098205714286054,nan,nan
5.09884000000034,nan,nan
5.099474285714626,nan,nan
5.100108571428912,nan,nan
5.100742857143198,nan,nan
5.1013771428574834,nan,nan
5.102011428571769,nan,nan
5.102645714286055,nan,nan
5.103280000000341,nan,nan
5.103914285714627,nan,nan
5.1045485714289125,nan,nan
5.105182857143198,nan,nan
5.105817142857484,nan,nan
5.10645142857177,nan,nan
5.107085714286056,nan,nan
5.1077200000003415,nan,nan
5.108354285714627,nan,nan
5.108988571428913,nan,nan
5.109622857143199,nan,nan
5.110257142857485,nan,nan
5.110891428571771,nan,nan
5.111525714286056,nan,nan
5.112160000000342,nan,nan
5.112794285714628,nan,nan
5.113428571428914,nan,nan
5.1140628571432,nan,nan
5.1146971428574854,nan,nan
5.115331428571771,nan,nan
5.115965714286057,nan,nan
5.116600000000343,nan,nan
5.117234285714629,nan,nan
5.1178685714289145,nan,nan
5.1185028571432,nan,nan
5.119137142857486,nan,nan
5.119771428571772,nan,nan
5.120405714286058,nan,nan
5.1210400000003435,nan,nan
5.121674285714629,nan,nan
5.122308571428915,nan,nan
5.122942857143201,nan,nan
5.123577142857487,nan,nan
5.124211428571773,nan,nan
5.124845714286058,nan,nan
5.125480000000344,nan,nan
5.12611428571463,nan,nan
5.126748571428916,nan,nan
5.127382857143202,nan,nan
5.128017142857487,nan,nan
5.128651428571773,nan,nan
5.129285714286059,nan,nan
5.129920000000345,nan,nan
5.130554285714631,nan,nan
5.1311885714289165,nan,nan
5.131822857143202,nan,nan
5.132457142857488,nan,nan
5.133091428571774,nan,nan
5.13372571428606,nan,nan
5.1343600000003455,nan,nan
5.134994285714631,nan,nan
5.135628571428917,nan,nan
5.136262857143203,nan,nan
5.136897142857489,nan,nan
5.137531428571775,nan,nan
5.13816571428606,nan,nan
5.138800000000346,nan,nan
5.139434285714632,nan,nan
5.140068571428918,nan,nan
5.140702857143204,nan,nan
5.141337142857489,nan,nan
5.141971428571775,nan,nan
5.142605714286061,nan,nan
5.143240000000347,nan,nan
5.143874285714633,nan,nan
5.1445085714289185,nan,nan
5.145142857143204,nan,nan
5.14577714285749,nan,nan
5.146411428571776,nan,nan
5.147045714286062,nan,nan
5.1476800000003475,nan,nan
5.148314285714633,nan,nan
5.148948571428919,nan,nan
5.149582857143205,nan,nan
5.150217142857491,nan,nan
5.150851428571777,nan,nan
5.151485714286062,nan,nan
5.152120000000348,nan,nan
5.152754285714634,nan,nan
5.15338857142892,nan,nan
5.154022857143206,nan,nan
5.154657142857491,nan,nan
5.155291428571777,nan,nan
5.155925714286063,nan,nan
5.156560000000349,nan,nan
5.157194285714635,nan,nan
5.1578285714289205,nan,nan
5.158462857143206,nan,nan
5.159097142857492,nan,nan
5.159731428571778,nan,nan
5.160365714286064,nan,nan
5.1610000000003495,nan,nan
5.161634285714635,nan,nan
5.162268571428921,nan,nan
5.162902857143207,nan,nan
5.163537142857493,nan,nan
5.164171428571779,nan,nan
5.164805714286064,nan,nan
5.16544000000035,nan,nan
5.166074285714636,nan,nan
5.166708571428922,nan,nan
5.167342857143208,nan,nan
5.167977142857493,nan,nan
5.168611428571779,nan,nan
5.169245714286065,nan,nan
5.169880000000351,nan,nan
5.170514285714637,nan,nan
5.1711485714289225,nan,nan
5.171782857143208,nan,nan
5.172417142857494,nan,nan
5.17305142857178,nan,nan
5.173685714286066,nan,nan
5.1743200000003515,nan,nan
5.174954285714637,nan,nan
5.175588571428923,nan,nan
5.176222857143209,nan,nan
5.176857142857495,nan,nan
5.177491428571781,nan,nan
5.178125714286066,nan,nan
5.178760000000352,nan,nan
5.179394285714638,nan,nan
5.180028571428924,nan,nan
5.18066285714321,nan,nan
5.181297142857495,nan,nan
5.181931428571781,nan,nan
5.182565714286067,nan,nan
5.183200000000353,nan,nan
5.183834285714639,nan,nan
5.1844685714289245,nan,nan
5.18510285714321,nan,nan
5.185737142857496,nan,nan
5.186371428571782,nan,nan
5.187005714286068,nan,nan
5.1876400000003535,nan,nan
5.188274285714639,nan,nan
5.188908571428925,nan,nan
5.189542857143211,nan,nan
5.190177142857497,nan,nan
5.190811428571783,nan,nan
5.191445714286068,nan,nan
5.192080000000354,nan,nan
5.19271428571464,nan,nan
5.193348571428926,nan,nan
5.193982857143212,nan,nan
5.194617142857497,nan,nan
5.195251428571783,nan,nan
5.195885714286069,nan,nan
5.196520000000355,nan,nan
5.197154285714641,nan,nan
5.1977885714289265,nan,nan
5.198422857143212,nan,nan
5.199057142857498,nan,nan
5.199691428571784,nan,nan
5.20032571428607,nan,nan
5.2009600000003555,nan,nan
5.201594285714641,nan,nan
5.202228571428927,nan,nan
5.202862857143213,nan,nan
5.203497142857499,nan,nan
5.204131428571785,nan,nan
5.20476571428607,nan,nan
5.205400000000356,nan,nan
5.206034285714642,nan,nan
5.206668571428928,nan,nan
5.207302857143214,nan,nan
5.207937142857499,nan,nan
5.208571428571785,nan,nan
5.209205714286071,nan,nan
5.209840000000357,nan,nan
5.210474285714643,nan,nan
5.2111085714289285,nan,nan
5.211742857143214,nan,nan
5.2123771428575,nan,nan
5.213011428571786,nan,nan
5.213645714286072,nan,nan
5.2142800000003575,nan,nan
5.214914285714643,nan,nan
5.215548571428929,nan,nan
5.216182857143215,nan,nan
5.216817142857501,nan,nan
5.217451428571787,nan,nan
5.218085714286072,nan,nan
5.218720000000358,nan,nan
5.219354285714644,nan,nan
5.21998857142893,nan,nan
5.220622857143216,nan,nan
5.221257142857501,nan,nan
5.221891428571787,nan,nan
5.222525714286073,nan,nan
5.223160000000359,nan,nan
5.223794285714645,nan,nan
5.2244285714289305,nan,nan
5.225062857143216,nan,nan
5.225697142857502,nan,nan
5.226331428571788,nan,nan
5.226965714286074,nan,nan
5.2276000000003595,nan,nan
5.228234285714645,nan,nan
5.228868571428931,nan,nan
5.229502857143217,nan,nan
5.230137142857503,nan,nan
5.230771428571789,nan,nan
5.231405714286074,nan,nan
5.23204000000036,nan,nan
5.232674285714646,nan,nan
5.233308571428932,nan,nan
5.233942857143218,nan,nan
5.234577142857503,nan,nan
5.235211428571789,nan,nan
5.235845714286075,nan,nan
5.236480000000361,nan,nan
5.237114285714647,nan,nan
5.2377485714289325,nan,nan
5.238382857143218,nan,nan
5.239017142857504,nan,nan
5.23965142857179,nan,nan
